label,ad_p50_ms,ad_p95_ms,ad_p99_ms,ad_error_rate,ad_throughput_rps,ad_cpu_avg,ad_cpu_max,ad_mem_avg_mb,ad_mem_max_mb,cart_p50_ms,cart_p95_ms,cart_p99_ms,cart_error_rate,cart_throughput_rps,cart_cpu_avg,cart_cpu_max,cart_mem_avg_mb,cart_mem_max_mb,checkout_p50_ms,checkout_p95_ms,checkout_p99_ms,checkout_error_rate,checkout_throughput_rps,checkout_cpu_avg,checkout_cpu_max,checkout_mem_avg_mb,checkout_mem_max_mb,currency_p50_ms,currency_p95_ms,currency_p99_ms,currency_error_rate,currency_throughput_rps,currency_cpu_avg,currency_cpu_max,currency_mem_avg_mb,currency_mem_max_mb,email_p50_ms,email_p95_ms,email_p99_ms,email_error_rate,email_throughput_rps,email_cpu_avg,email_cpu_max,email_mem_avg_mb,email_mem_max_mb,frontend_p50_ms,frontend_p95_ms,frontend_p99_ms,frontend_error_rate,frontend_throughput_rps,frontend_cpu_avg,frontend_cpu_max,frontend_mem_avg_mb,frontend_mem_max_mb,frontend_proxy_p50_ms,frontend_proxy_p95_ms,frontend_proxy_p99_ms,frontend_proxy_error_rate,frontend_proxy_throughput_rps,frontend_proxy_cpu_avg,frontend_proxy_cpu_max,frontend_proxy_mem_avg_mb,frontend_proxy_mem_max_mb,image_provider_p50_ms,image_provider_p95_ms,image_provider_p99_ms,image_provider_error_rate,image_provider_throughput_rps,image_provider_cpu_avg,image_provider_cpu_max,image_provider_mem_avg_mb,image_provider_mem_max_mb,payment_p50_ms,payment_p95_ms,payment_p99_ms,payment_error_rate,payment_throughput_rps,payment_cpu_avg,payment_cpu_max,payment_mem_avg_mb,payment_mem_max_mb,product_catalog_p50_ms,product_catalog_p95_ms,product_catalog_p99_ms,product_catalog_error_rate,product_catalog_throughput_rps,product_catalog_cpu_avg,product_catalog_cpu_max,product_catalog_mem_avg_mb,product_catalog_mem_max_mb,quote_p50_ms,quote_p95_ms,quote_p99_ms,quote_error_rate,quote_throughput_rps,quote_cpu_avg,quote_cpu_max,quote_mem_avg_mb,quote_mem_max_mb,recommendation_p50_ms,recommendation_p95_ms,recommendation_p99_ms,recommendation_error_rate,recommendation_throughput_rps,recommendation_cpu_avg,recommendation_cpu_max,recommendation_mem_avg_mb,recommendation_mem_max_mb,shipping_p50_ms,shipping_p95_ms,shipping_p99_ms,shipping_error_rate,shipping_throughput_rps,shipping_cpu_avg,shipping_cpu_max,shipping_mem_avg_mb,shipping_mem_max_mb,flagd_p50_ms,flagd_p95_ms,flagd_p99_ms,flagd_error_rate,flagd_throughput_rps,flagd_cpu_avg,flagd_cpu_max,flagd_mem_avg_mb,flagd_mem_max_mb,flagd_ui_p50_ms,flagd_ui_p95_ms,flagd_ui_p99_ms,flagd_ui_error_rate,flagd_ui_throughput_rps,flagd_ui_cpu_avg,flagd_ui_cpu_max,flagd_ui_mem_avg_mb,flagd_ui_mem_max_mb,kafka_p50_ms,kafka_p95_ms,kafka_p99_ms,kafka_error_rate,kafka_throughput_rps,kafka_cpu_avg,kafka_cpu_max,kafka_mem_avg_mb,kafka_mem_max_mb,accounting_p50_ms,accounting_p95_ms,accounting_p99_ms,accounting_error_rate,accounting_throughput_rps,accounting_cpu_avg,accounting_cpu_max,accounting_mem_avg_mb,accounting_mem_max_mb,fraud_detection_p50_ms,fraud_detection_p95_ms,fraud_detection_p99_ms,fraud_detection_error_rate,fraud_detection_throughput_rps,fraud_detection_cpu_avg,fraud_detection_cpu_max,fraud_detection_mem_avg_mb,fraud_detection_mem_max_mb,window_start,window_end
baseline,29.2245035,131.46111174999996,153.37211275,0.0,0.1999971550404695,0.0,0.0,0.0,0.0,1.853,32.36915499999998,43.626446000000016,0.0,0.8499879089219956,0.0,0.0,69.85546875,69.85546875,1219.4486455,1220.29306915,1220.36812903,0.0,0.0499992887601173,0.0,0.0,7.397586822509766,13.795173645019531,2.242968,4.776118199999999,5.791018039999999,0.0,0.2249967994205282,0.0,0.0,0.0,0.0,19.997859,21.2261655,21.3353483,0.0,0.0499992887601173,0.0,0.0,0.0,0.0,13.55361,202.2401249999998,1408.030471520016,0.0268456375838926,3.7249470126287454,0.0,0.0,0.0,0.0,15.827,316.9047,2621.3273400000007,0.0205128205128205,4.874930654111445,0.0,0.0,0.0,0.0,0.0,0.0,1.0,0.0,1.0999843527225823,0.0,0.0,0.0,0.0,3.9230765,6.89264765,7.15660953,0.0,0.0499992887601173,0.0,0.0,74.6171875,74.6171875,4.861177,44.8134343,62.84931414000002,0.0,1.874973328504402,0.0,0.0,7.366336822509766,13.263923645019531,0.582152,3.1947278,3.42695676,0.0,0.074998933140176,0.0,0.0,0.0,0.0,7.080142,18.6635844,20.11920968,0.0,0.2249967994205282,0.0,0.0,0.0,0.0,11.460592,42.7300012,47.80664904,0.0,0.1249982219002934,0.0,0.0,0.0,0.0,0.363366,33.12280969999999,4310.675627240008,0.0,1.5749775959436978,0.0,0.0,0.0,0.0,0.0,0.0,0.0,0.0,0.0,0.0,0.0,0.0,0.0,0.0,0.0,0.0,0.0,0.0,0.0077534879587665,0.0077534879587665,40.77545738220215,204.0340270996093,0.0,0.0,0.0,0.0,0.0,0.0,0.0,106.84765625,106.84765625,50.278264,90.6713017,94.26179394,0.0,0.0499992887601173,0.0236008541685203,0.0236008541685203,19.58968734741211,69.92208862304688,2026-09-15T05:45:23.017824+00:00,2026-09-15T05:46:03.018393+00:00
baseline,155.0032385,374.4884150999999,399.19712382,0.0,0.099999577501785,0.0,0.0,0.0,0.0,1.9888,25.80785999999992,53.985492000000015,0.0,0.474997993133479,0.0,0.0,0.0,0.0,0.0,0.0,0.0,0.0,0.0,0.0,0.0,0.0,0.0,1.202137,13.5543391,14.65231262,0.0,0.0749996831263388,0.0,0.0,0.0,0.0,0.0,0.0,0.0,0.0,0.0,0.0,0.0,0.0,0.0,14.579751,108.03358889999984,223.6555535000013,0.0256410256410256,1.9499917612848088,0.0,0.0,0.0,0.0,17.082,284.0557999999999,4063.634640000026,0.0215827338129496,3.4749853181870307,0.0,0.0,0.0,0.0,0.0,0.0,0.0,0.0,0.7249969368879416,0.0,0.0,0.0,0.0,0.0,0.0,0.0,0.0,0.0,0.0,0.0,0.0,0.0,4.806792,39.977790599999935,54.419545,0.0,0.9249960918915118,0.0,0.0,0.0,0.0,0.3142,0.3142,0.3142,0.0,0.0249998943754462,0.0,0.0,0.0,0.0,12.858376,15.3791636,15.80696952,0.0,0.1249994718772313,0.005,0.005,51.1015625,51.1015625,123.761644,123.761644,123.761644,0.0,0.0249998943754462,0.0,0.0,0.0,0.0,0.2918795,975.5075338999912,5200.89897717999,0.0,0.4499980987580327,0.0,0.0,0.0,0.0,0.0,0.0,0.0,0.0,0.0,0.0,0.0,0.0,0.0,0.0,0.0,0.0,0.0,0.0,0.0,0.0,0.0,0.0,0.0,0.0,0.0,0.0,0.0,0.0,0.0,0.0,0.0,0.0,0.0,0.0,0.0,0.0,0.0,0.0,0.0,0.0,2026-09-15T05:46:11.499453+00:00,2026-09-15T05:46:51.499622+00:00
baseline,57.639053,237.33517139999992,260.92906307999993,0.0,0.0999994100034809,0.0,0.0,0.0,0.0,4.54505,2975.915875,10042.902534999996,0.0,0.3999976400139239,0.0,0.0,74.37890625,74.37890625,0.0,0.0,0.0,0.0,0.0,0.0,0.0,0.0,0.0,8.21811,29.74979395,32.09954119,0.0,0.0999994100034809,0.0,0.0,0.0,0.0,0.0,0.0,0.0,0.0,0.0,0.0,0.0,0.0,0.0,14.106984,106.28561379999988,226.0354516800012,0.0402684563758389,3.724978022629666,0.0,0.0,0.0,0.0,19.231,179.35239999999996,2526.153040000016,0.0390243902439024,5.1249697626784,0.0,0.0,0.0,0.0,0.0,0.0,0.509999999999998,0.0,1.2499926250435125,0.0,0.0,0.0,0.0,0.0,0.0,0.0,0.0,0.0,0.0,0.0,74.61328125,74.61328125,3.25739,52.4989672,82.68389767999992,0.0,1.224992772542642,0.0,0.0,7.428836822509766,13.420173645019531,0.0,0.0,0.0,0.0,0.0,0.0,0.0,0.0,0.0,11.381556,27.319480599999995,31.72029052,0.0,0.2249986725078322,0.0,0.0,0.0,0.0,7.928338,7.928338,7.928338,0.0,0.0249998525008702,0.0,0.0,0.0,0.0,0.721511,430.23642850000346,8610.993845139976,0.0,0.9749942475339396,0.0,0.0,0.0,0.0,0.0,0.0,0.0,0.0,0.0,0.0,0.0,0.0,0.0,0.0,0.0,0.0,0.0,0.0,0.012329525439082,0.012329525439082,40.961063385009766,206.3255844116211,0.0,0.0,0.0,0.0,0.0,0.0,0.0,110.046875,110.046875,0.0,0.0,0.0,0.0,0.0,0.0,0.0,0.0,0.0,2026-09-15T05:47:17.398229+00:00,2026-09-15T05:47:57.398465+00:00
baseline,28.7166295,114.58180659999988,154.85387332000002,0.0,0.2499992625021756,0.0,0.0,0.0,0.0,3.61905,20.170135000000013,104.67794600000003,0.0,1.0999967550095726,0.0,0.0,0.0,0.0,0.0,0.0,0.0,0.0,0.0,0.0,0.0,0.0,0.0,1.935866,16.58414459999999,23.49733372,0.0,0.224999336251958,0.0,0.0,0.0,0.0,0.0,0.0,0.0,0.0,0.0,0.0,0.0,0.0,0.0,14.615626,154.09197974999995,304.22361417,0.0588235294117647,5.099984955044382,0.0,0.0,0.0,0.0,14.932,175.99799999999982,2860.5208999999672,0.0452961672473867,7.17497883381244,0.0,0.0,0.0,0.0,0.0,0.0,5.6999999999999735,0.0,1.599995280013924,0.0,0.0,0.0,0.0,0.0,0.0,0.0,0.0,0.0,0.0,0.0,0.0,0.0,5.448295,89.71704210000001,112.40953086000005,0.0,2.174993583768928,0.0,0.0,0.0,0.0,0.606432,0.684417,0.691349,0.0,0.0749997787506526,0.0,0.0,0.0,0.0,8.108055,68.7792245,84.51017450000002,0.0,0.2749991887523931,0.002625,0.002625,51.16796875,51.16796875,100.401856,147.3611335,151.5352915,0.0,0.0749997787506526,0.0,0.0,0.0,0.0,0.390091,6.661231,5199.500557199999,0.0,1.5249955012632712,0.0,0.0,0.0,0.0,0.0,0.0,0.0,0.0,0.0,0.0,0.0,0.0,0.0,0.0,0.0,0.0,0.0,0.0,0.0,0.0,0.0,0.0,0.0,0.0,0.0,0.0,0.0,0.0,0.0,0.0,0.0,0.0,0.0,0.0,0.0,0.0,0.0,0.0,0.0,0.0,2026-09-15T05:48:04.775230+00:00,2026-09-15T05:48:44.775348+00:00
baseline,80.864641,209.986292,233.5839464,0.0,0.174999615000847,0.0214781920506507,0.0214781920506507,16.688156127929688,61.18242645263672,1.6785,18.933945,47.33703899999997,0.0,0.549998790002662,0.0,0.0,74.3515625,74.3515625,0.0,0.0,0.0,0.0,0.0,0.0,0.0,0.0,0.0,1.47533,5.908812799999999,6.47093056,0.0,0.124999725000605,0.0,0.0,0.0,0.0,0.0,0.0,0.0,0.0,0.0,0.0,0.0,0.0,0.0,10.725901,109.1447235,205.2964265,0.0529801324503311,3.774991695018271,0.0,0.0,0.0,0.0,11.862,139.64659999999998,5888.002839999998,0.0441176470588235,5.099988780024685,0.0,0.0,0.0,0.0,0.0,0.0,0.5799999999999983,0.0,1.074997635005203,0.0,0.0,0.0,0.0,0.0,0.0,0.0,0.0,0.0,0.0489375,0.0955,74.61328125,74.61328125,3.32959,53.64981269999999,95.55307059999988,0.0,1.074997635005203,0.0,0.0,0.0,0.0,0.7941815,0.95517485,0.96948537,0.0,0.049999890000242,0.0,0.0,0.0,0.0,8.198903,30.866863599999995,33.92452792,0.0,0.124999725000605,0.0,0.0,0.0,0.0,27.122947,40.7868739,42.00144518,0.0,0.049999890000242,0.0,0.0,0.0,0.0,0.402091,61.30078124999982,4559.983586939988,0.0,1.049997690005082,0.0,0.0,0.0,0.0,0.0,0.0,0.0,0.0,0.0,0.0,0.0,0.0,0.0,0.0,0.0,0.0,0.0,0.0,0.0,0.0,0.0,0.0,0.0,0.0,0.0,0.0,0.0,0.0,0.0,0.0,0.0,0.0,0.0,0.0,0.0,0.0,0.0123063495526947,0.0123063495526947,21.11323070526123,69.94612884521484,2026-09-15T05:48:52.037871+00:00,2026-09-15T05:49:32.037959+00:00
baseline,41.612731,328.68482175,396.1125995500001,0.0,0.1499986987612882,0.0084346198497879,0.0084346198497879,16.99482822418213,61.186073303222656,1.9553,20.194919999999986,32.281919999999985,0.0,0.7249937106795599,0.0,0.0,73.71484375,73.71484375,0.0,0.0,0.0,0.0,0.0,0.0,0.0,0.0,0.0,1.608095,26.3653778,27.37442756,0.0,0.2499978312688137,0.0,0.0,0.0,0.0,0.0,0.0,0.0,0.0,0.0,0.0,0.0,0.0,0.0,13.547129,90.85294399999988,501.2172366399965,0.0457142857142857,4.3749620472042405,0.0,0.0,0.0,0.0,15.702,130.855,2087.4283999999807,0.0389610389610389,5.774949902309598,0.0,0.0,0.0,0.0,0.0,0.0,3.799999999999997,0.0,1.6249859032472893,0.0,0.0,0.0,0.0,237.600852,237.600852,237.600852,0.0,0.0249997831268813,0.0409375,0.046125,75.11328125,75.11328125,5.638434,54.18649069999989,4823.28025458,0.0,2.4749785295612563,0.0,0.0,7.213993072509766,12.990486145019531,0.6680135,0.7921914499999999,0.80322949,0.0,0.0499995662537627,0.0,0.0,0.0,0.0,11.080963,24.90394655,36.65025410999999,0.0,0.3499969637763392,0.0,0.0,0.0,0.0,24.249645,42.6075372,44.23934984,0.0,0.0499995662537627,0.0,0.0,0.0,0.0,0.302879,8.697549349999996,3545.581587690001,0.0,1.5499865538666453,0.0,0.0,0.0,0.0,0.0,0.0,0.0,0.0,0.0,0.0,0.0,0.0,0.0,0.0,0.0,0.0,0.0,0.0,0.0075632464517364,0.0075632464517364,40.12903499603272,209.71749877929688,0.0,0.0,0.0,0.0,0.0,0.0,0.0,109.8671875,109.8671875,0.0,0.0,0.0,0.0,0.0,0.0186967084266184,0.0186967084266184,21.61724281311035,69.95942687988281,2026-09-15T05:49:39.213669+00:00,2026-09-15T05:50:19.214016+00:00
baseline,154.623863,154.623863,154.623863,0.0,0.0249999075003422,0.0115965663291884,0.0115965663291884,17.312283515930176,61.19467926025391,2.0626,18.945039999999985,2548.25791400001,0.0,0.9499964850130054,0.0,0.0,73.5546875,73.5546875,0.0,0.0,0.0,0.0,0.0,0.0,0.0,0.0,0.0,3.1296075,5.3205937,5.397781139999999,0.0,0.2999988900041069,0.0,0.0,0.0,0.0,0.0,0.0,0.0,0.0,0.0,0.0,0.0,0.0,0.0,14.9072,124.40639599999987,194.2966256400003,0.0131578947368421,3.7999859400520215,0.0,0.0,0.0,0.0,16.851,136.56514999999996,681.9012199999712,0.0108695652173913,4.599982980062974,0.0,0.0,0.0,0.0,0.0,0.0,0.0,0.0,0.9249965775126632,0.0,0.0,0.0,0.0,0.0,0.0,0.0,0.0,0.0,0.0355625,0.04,75.63671875,75.63671875,4.347258,47.306602299999845,112.63280707999978,0.0,2.0749923225284066,0.0,0.0,7.503055572509766,13.568611145019531,0.0,0.0,0.0,0.0,0.0,0.0,0.0,0.0,0.0,11.280808,25.4936075,25.8293663,0.0,0.2749989825037647,0.025,0.025,51.125,51.125,0.0,0.0,0.0,0.0,0.0,0.0,0.0,0.0,0.0,0.2796345,11.207541199999978,2726.1555041200004,0.0,1.2999951900177968,0.0,0.0,0.0,0.0,0.0,0.0,0.0,0.0,0.0,0.0,0.0,0.0,0.0,0.0,0.0,0.0,0.0,0.0,0.0083437535523473,0.0083437535523473,39.01212692260742,209.71749877929688,0.0,0.0,0.0,0.0,0.0,0.0,0.0,109.1171875,109.1171875,0.0,0.0,0.0,0.0,0.0,0.0171050544869616,0.0171050544869616,18.12384986877441,69.96705627441406,2026-09-15T05:50:26.726839+00:00,2026-09-15T05:51:06.726987+00:00
baseline,9.7137825,30.0582377,30.06714674,0.0,0.1999994450015401,0.0,0.0,0.0,0.0,2.64785,15.462254999999994,24.304318,0.0,0.6999980575053905,0.0,0.0,0.0,0.0,0.0,0.0,0.0,0.0,0.0,0.0,0.0,0.0,0.0,2.945983,12.871865599999976,20.496751519999982,0.0,0.3249990981275027,0.0,0.0,0.0,0.0,0.0,0.0,0.0,0.0,0.0,0.0,0.0,0.0,0.0,14.376824,79.11834425,118.27094880000008,0.0547945205479452,3.649989871278108,0.0,0.0,0.0,0.0,13.5075,89.14384999999999,6858.811620000037,0.0495049504950495,5.049985986288888,0.0,0.0,0.0,0.0,0.0,0.0,2.3499999999999943,0.0,1.349996253760396,0.0,0.0,0.0,0.0,0.0,0.0,0.0,0.0,0.0,0.0,0.0,0.0,0.0,6.8379795,40.17601629999998,71.52671720999994,0.0,1.8499948662642465,0.0,0.0,7.503055572509766,13.568611145019531,0.7126455,1.03682865,1.0656449300000002,0.0,0.049999861250385,0.0,0.0,0.0,0.0,10.95146,18.1779223,18.606029260000003,0.0,0.2499993062519251,0.002625,0.002625,51.125,51.125,16.890809,18.8187215,18.9900915,0.0,0.049999861250385,0.0,0.0,0.0,0.0,0.299178,28.20399479999996,5003.869153619997,0.0,1.1749967393840484,0.0,0.0,0.0,0.0,0.0,0.0,0.0,0.0,0.0,0.0,0.0,0.0,0.0,0.0,0.0,0.0,0.0,0.0,0.0044218872527664,0.0044218872527664,39.892788887023926,209.71749877929688,0.0,0.0,0.0,0.0,0.0,0.0,0.0,109.046875,109.046875,0.0,0.0,0.0,0.0,0.0,0.0,0.0,0.0,0.0,2026-09-15T05:51:13.935609+00:00,2026-09-15T05:51:53.935720+00:00
baseline,115.283673,261.008139,272.4949134,0.0,0.0999994075035105,0.0133212964593975,0.0133212964593975,17.694905281066895,61.21370697021485,1.20095,11.932874999999996,26.609327999999984,0.0,0.549996741269308,0.0,0.0,0.0,0.0,0.0,0.0,0.0,0.0,0.0,0.0,0.0,0.0,0.0,2.709553,9.485055999999998,10.8015632,0.0,0.2249986668828987,0.0,0.0,0.0,0.0,0.0,0.0,0.0,0.0,0.0,0.0,0.0,0.0,0.0,12.609996,171.92012,13535.133339600085,0.036036036036036,2.774983558222418,0.0,0.0,0.0,0.0,13.914,285.5018,5789.6580599999725,0.045662100456621,5.474967560817202,0.0,0.0,0.0,0.0,0.0,0.0,0.0,0.0,0.824995111903962,0.0,0.0,0.0,0.0,0.0,0.0,0.0,0.0,0.0,0.0,0.0,0.0,0.0,5.4866315,66.3835177,174.75125660999996,0.0,1.3499920012973925,0.0,0.0,0.0,0.0,0.380818,0.380818,0.380818,0.0,0.0249998518758776,0.0,0.0,0.0,0.0,9.345323,20.097101599999995,21.43065872,0.0,0.1749989631311434,0.002,0.002,51.125,51.125,48.585769,48.585769,48.585769,0.0,0.0249998518758776,0.0,0.0,0.0,0.0,0.327357,11.054252399999978,4738.795008440009,0.0,1.1249933344144936,0.0,0.0,0.0,0.0,0.0,0.0,0.0,0.0,0.0,0.0,0.0,0.0,0.0,0.0,0.0,0.0,0.0,0.0,0.0,0.0,0.0,0.0,0.0,0.0,0.0,0.0,0.0,0.0,0.0,0.0,0.0,0.0,0.0,0.0,0.0,0.0,0.0,0.0,0.0,0.0,2026-09-15T05:52:01.178907+00:00,2026-09-15T05:52:41.179144+00:00
baseline,0.0,0.0,0.0,0.0,0.0,0.0,0.0,0.0,0.0,0.0,0.0,0.0,0.0,0.0,0.0,0.0,74.26171875,74.26171875,0.0,0.0,0.0,0.0,0.0,0.0,0.0,0.0,0.0,0.0,0.0,0.0,0.0,0.0,0.0,0.0,0.0,0.0,0.0,0.0,0.0,0.0,0.0,0.0,0.0,0.0,0.0,0.0,0.0,0.0,0.0,0.0,0.0,0.0,0.0,0.0,0.0,0.0,0.0,0.0,0.0,0.0,0.0,0.0,0.0,0.0,0.0,0.0,0.0,0.0,0.0,0.0,0.0,0.0,0.0,0.0,0.0,0.0,0.0,0.0083839285714285,0.0094285714285714,75.63671875,75.63671875,0.0,0.0,0.0,0.0,0.0,0.0,0.0,0.0,0.0,0.0,0.0,0.0,0.0,0.0,0.0,0.0,0.0,0.0,0.0,0.0,0.0,0.0,0.0,0.0,0.0,0.0,0.0,0.0,0.0,0.0,0.0,0.0,0.0,0.0,0.0,0.0,0.0,0.0,0.0,0.0,0.0,0.0,0.0,0.0,0.0,0.0,0.0,0.0,0.0,0.0,0.0,0.0,0.0,0.0,0.0,0.0,0.0,0.0,0.0,0.0,0.0,0.0,0.0,0.0,0.0,0.0,0.0,0.0,0.0,0.0,0.0,0.0,0.0,0.0,0.0,0.0,0.0,0.0101699637782112,0.0101699637782112,18.752605438232425,69.97422790527344,2026-09-15T05:52:48.408239+00:00,2026-09-15T05:53:28.408575+00:00
adFailure,38.871618,1664.6458529999998,1962.3651274,0.0,0.1249991375059512,0.0158990446313988,0.0158990446313988,18.40482234954834,61.459083557128906,1.46235,47.51903499999995,1652.346320000001,0.0,0.6999951700333268,0.0,0.0,74.609375,74.609375,0.0,0.0,0.0,0.0,0.0,0.0,0.0,0.0,0.0,2.413034,25.801019,29.9061582,0.0,0.1249991375059512,0.0,0.0,0.0,0.0,0.0,0.0,0.0,0.0,0.0,0.0,0.0,0.0,0.0,14.679144,111.3981875,8625.680873,0.0529801324503311,3.7749739526797264,0.0,0.0,0.0,0.0,15.097,121.73209999999978,5054.846990000017,0.048076923076923,5.199964120247571,0.0,0.0,0.0,0.0,0.0,0.0,2.289999999999999,0.0,1.449989995069034,0.0,0.0,0.0,0.0,0.0,0.0,0.0,0.0,0.0,0.01178125,0.01321875,75.51171875,75.51171875,5.535377,40.00605109999999,129.95413639999995,0.0,1.974986372594029,0.0,0.0,7.385868072509766,13.365486145019531,0.622883,0.6475816999999999,0.64977714,0.0,0.0499996550023804,0.0,0.0,0.0,0.0,10.285524,34.857659,38.3819806,0.0,0.2749981025130926,0.0,0.0,0.0,0.0,10.436236,13.4948203,13.76669446,0.0,0.0499996550023804,0.0,0.0,0.0,0.0,0.294819,149.57306194999236,4241.760935599998,0.0,0.9999931000476096,0.0,0.0,0.0,0.0,0.0,0.0,0.0,0.0,0.0,0.0,0.0,0.0,0.0,0.0,0.0,0.0,0.0,0.0,0.0,0.0,0.0,0.0,0.0,0.0,0.0,0.0,0.0,0.0,0.0,108.9609375,108.9609375,0.0,0.0,0.0,0.0,0.0,0.0209739458596414,0.0209739458596414,19.257840156555176,69.98802185058594,2026-09-15T05:53:47.887304+00:00,2026-09-15T05:54:27.887580+00:00
adFailure,113.4458225,150.11087164999998,153.36998713,0.0,0.0499996712521615,0.017035107535557,0.017035107535557,18.831103324890137,61.50727844238281,3.12535,35.55212999999998,43.388856,0.0,0.8499944112867459,0.0,0.0,0.0,0.0,0.0,0.0,0.0,0.0,0.0,0.0,0.0,0.0,0.0,3.5256525,19.99000955,20.76919631,0.0,0.2999980275129691,0.0,0.0,0.0,0.0,0.0,0.0,0.0,0.0,0.0,0.0,0.0,0.0,0.0,11.6201155,71.00590370000006,146.83464337999993,0.0144927536231884,3.4499773163991447,0.0,0.0,0.0,0.0,13.3685,101.68795,356.47255999998526,0.0206185567010309,4.849968111459668,0.0,0.0,0.0,0.0,0.0,0.0,0.0,0.0,0.7999947400345844,0.0,0.0,0.0,0.0,0.0,0.0,0.0,0.0,0.0,0.0,0.0,0.0,0.0,5.339502,39.7952632,79.39268147999984,0.0,1.3249912881822803,0.0,0.0,0.0,0.0,0.471727,0.471727,0.471727,0.0,0.0249998356260807,0.0,0.0,0.0,0.0,11.242727,18.799167,20.5694006,0.0,0.2249985206347268,0.0,0.0,0.0,0.0,0.0,0.0,0.0,0.0,0.0,0.0,0.0,0.0,0.0,0.422795,40.41718775,2492.178099100001,0.0,1.3999907950605226,0.0,0.0,0.0,0.0,0.0,0.0,0.0,0.0,0.0,0.0,0.0,0.0,0.0,0.0,0.0,0.0,0.0,0.0,0.0,0.0,0.0,0.0,0.0,0.0,0.0,0.0,0.0,0.0,0.0,0.0,0.0,0.0,0.0,0.0,0.0,0.0,0.0,0.0,0.0,0.0,2026-09-15T05:54:59.091391+00:00,2026-09-15T05:55:39.091654+00:00
adFailure,38.818905,41.3624508,41.58854376,0.0,0.0749991412598325,0.0,0.0,0.0,0.0,12.9827,55.4421399999999,74.598466,0.0,0.7499914125983257,0.0,0.0,0.0,0.0,0.0,0.0,0.0,0.0,0.0,0.0,0.0,0.0,0.0,1.8211025,13.075141649999985,21.952976330000013,0.0,0.2999965650393303,0.0,0.0,0.0,0.0,0.0,0.0,0.0,0.0,0.0,0.0,0.0,0.0,0.0,15.570315,141.8300209,738.3461611201488,0.0,4.974943036902228,0.0,0.0,0.0,0.0,20.271,164.06839999999988,3125.882079999999,0.0087336244541484,5.7249344495005525,0.0,0.0,0.0,0.0,0.0,0.0,1.3999999999999986,0.0,0.7749911263516033,0.0,0.0,0.0,0.0,0.0,0.0,0.0,0.0,0.0,0.0,0.0,0.0,0.0,12.739088,116.12287384999996,165.88358881999994,0.0,2.349973092808088,0.0,0.0,0.0,0.0,0.0,0.0,0.0,0.0,0.0,0.0,0.0,0.0,0.0,6.073945,66.76534035,67.07330647,0.0,0.2999965650393303,0.001875,0.001875,51.2265625,51.2265625,0.0,0.0,0.0,0.0,0.0,0.0,0.0,0.0,0.0,0.2793135,2543.2234667,2960.67012107,0.0,1.3499845426769863,0.0,0.0,0.0,0.0,0.0,0.0,0.0,0.0,0.0,0.0,0.0,0.0,0.0,0.0,0.0,0.0,0.0,0.0,0.0,0.0,0.0,0.0,0.0,0.0,0.0,0.0,0.0,0.0,0.0,0.0,0.0,0.0,0.0,0.0,0.0,0.0,0.0,0.0,0.0,0.0,2026-09-15T05:56:06.916351+00:00,2026-09-15T05:56:46.916809+00:00
adFailure,40.802334,209.9844625,247.50197890000004,0.0,0.1499981625225091,0.0,0.0,0.0,0.0,1.5773,791.7455699999852,5816.233674000002,0.0,0.4749941813212788,0.0,0.0,0.0,0.0,0.0,0.0,0.0,0.0,0.0,0.0,0.0,0.0,0.0,2.111083,3.9852228,4.214046959999999,0.0,0.099998775015006,0.0,0.0,0.0,0.0,0.0,0.0,0.0,0.0,0.0,0.0,0.0,0.0,0.0,18.252324,82.86618924999968,246.35606592999943,0.0142857142857142,3.499957125525212,0.0,0.0,0.0,0.0,20.2995,106.82994999999988,2750.3783999999714,0.015,4.999938750750303,0.0,0.0,0.0,0.0,0.0,0.0,0.0,0.0,1.0749868314113151,0.0,0.0,0.0,0.0,0.0,0.0,0.0,0.0,0.0,0.0,0.0,0.0,0.0,5.944287,47.02953074999999,90.79881479000012,0.0,1.2999840751950789,0.0,0.0,7.432743072509766,13.427986145019531,0.734193,0.734193,0.734193,0.0,0.0249996937537515,0.0,0.0,0.0,0.0,7.715052,10.3594294,10.53670588,0.0,0.1749978562762606,0.0,0.0,0.0,0.0,21.77393,21.77393,21.77393,0.0,0.0249996937537515,0.0,0.0,0.0,0.0,0.2750205,1418.3504773499928,4347.266873729994,0.0,1.2499846876875758,0.0,0.0,0.0,0.0,0.0,0.0,0.0,0.0,0.0,0.0,0.0,0.0,0.0,0.0,0.0,0.0,0.0,0.0,0.0054251176192512,0.0054251176192512,39.05090522766113,209.81018829345703,0.0,0.0,0.0,0.0,0.0,0.0,0.0,108.265625,108.265625,0.0,0.0,0.0,0.0,0.0,0.0,0.0,0.0,0.0,2026-09-15T05:57:14.164190+00:00,2026-09-15T05:57:54.164680+00:00
adFailure,42.484244,157.0148906,167.19539251999998,0.0,0.0749995012533166,0.0,0.0,0.0,0.0,1.3508,14.631059999999987,36.17270499999999,0.0,0.5999960100265332,0.0,0.0,73.375,73.375,0.0,0.0,0.0,0.0,0.0,0.0,0.0,0.0,0.0,2.435927,10.767373149999996,11.873540229999998,0.0,0.0999993350044222,0.0,0.0,0.0,0.0,0.0,0.0,0.0,0.0,0.0,0.0,0.0,0.0,0.0,10.9997335,67.65309135,205.0183599000005,0.0131578947368421,3.799974730168044,0.0,0.0,0.0,0.0,14.508,88.97539999999994,2491.864940000003,0.0150753768844221,4.974966916470005,0.0,0.0,0.0,0.0,0.0,0.25,2.299999999999997,0.0,0.8999940150397999,0.0,0.0,0.0,0.0,0.0,0.0,0.0,0.0,0.0,0.0,0.0,75.26171875,75.26171875,3.398733,23.7250402,47.38738572,0.0,1.624989193821861,0.0,0.0,7.549930572509766,13.662361145019531,0.0,0.0,0.0,0.0,0.0,0.0,0.0,0.0,0.0,6.957825,13.9526775,14.5336035,0.0,0.2749981712621611,0.0,0.0,0.0,0.0,0.0,0.0,0.0,0.0,0.0,0.0,0.0,0.0,0.0,0.208137,622.3442725,2688.0332343499995,0.0,0.8999940150397999,0.0,0.0,0.0,0.0,0.0,0.0,0.0,0.0,0.0,0.0,0.0,0.0,0.0,0.0,0.0,0.0,0.0,0.0,0.0176230702009903,0.0176230702009903,39.803391456604,209.81018829345703,0.0,0.0,0.0,0.0,0.0,0.0,0.0,107.83203125,107.83203125,0.0,0.0,0.0,0.0,0.0,0.0204931769212353,0.0204931769212353,18.411104202270508,70.02210235595703,2026-09-15T05:58:22.783872+00:00,2026-09-15T05:59:02.784138+00:00
adHighCpu,116.014563,129.089295,130.25149340000002,0.0,0.0499995037549252,0.0832400319890323,0.0832400319890323,18.4074125289917,61.639495849609375,4.99055,31.36645,38.61841,0.0,0.3999960300394019,0.0,0.0,73.54296875,73.54296875,0.0,0.0,0.0,0.0,0.0,0.0,0.0,0.0,0.0,1.829874,7.009906999999997,8.351866999999997,0.0,0.1749982631422383,0.0,0.0,0.0,0.0,0.0,0.0,0.0,0.0,0.0,0.0,0.0,0.0,0.0,22.2942425,247.27928849999944,11083.366807830058,0.0,3.199968240315215,0.0,0.0,0.0,0.0,26.827,328.47,9105.312,0.0132450331125827,3.774962533496855,0.0,0.0,0.0,0.0,0.0,0.0,0.0,0.0,0.6249937969365654,0.0,0.0,0.0,0.0,0.0,0.0,0.0,0.0,0.0,0.0085803571428571,0.0095178571428571,74.01171875,74.01171875,7.475451,62.06528794999995,300.6161059800008,0.0,1.949980646442084,0.0,0.0,7.538211822509766,13.670173645019531,0.0,0.0,0.0,0.0,0.0,0.0,0.0,0.0,0.0,8.970601,144.14163419999986,184.9914260399999,0.0,0.324996774407014,0.002875,0.002875,51.94921875,51.94921875,0.0,0.0,0.0,0.0,0.0,0.0,0.0,0.0,0.0,0.233836,1300.5685855,3094.878184,0.0,1.2749873457505934,0.0,0.0,0.0,0.0,0.0,0.0,0.0,0.0,0.0,0.0,0.0,0.0,0.0,0.0,0.0,0.0,0.0,0.0,0.0092567868268802,0.0092567868268802,40.6794900894165,209.81018829345703,0.0,0.0,0.0,0.0,0.0,0.0,0.0,107.63671875,107.63671875,0.0,0.0,0.0,0.0,0.0,0.0061847262182551,0.0061847262182551,18.28993320465088,70.028564453125,2026-09-15T05:59:30.634022+00:00,2026-09-15T06:00:10.634419+00:00
adHighCpu,33.443013,110.642105,115.5295098,0.0,0.1499981062739083,0.1474949991952728,0.1474949991952728,18.74676418304444,61.64878845214844,2.79835,8.213235000000001,9.451046999999996,0.0,0.4999936875796943,0.0,0.0,73.29296875,73.29296875,0.0,0.0,0.0,0.0,0.0,0.0,0.0,0.0,0.0,2.2210145,5.776790399999999,5.97461488,0.0,0.1999974750318777,0.0,0.0,0.0,0.0,0.0,0.0,0.0,0.0,0.0,0.0,0.0,0.0,0.0,15.127825,146.02494619999993,189.72351264,0.03125,3.199959600510044,0.0,0.0,0.0,0.0,19.526,189.10525,1255.5278499999918,0.025,3.999949500637555,0.0,0.0,0.0,0.0,0.0,0.0,0.0,0.0,0.7499905313695415,0.0,0.0,0.0,0.0,0.0,0.0,0.0,0.0,0.0,0.035875,0.03975,74.13671875,74.13671875,7.559201,73.28032679999998,100.07306588000009,0.0,1.8749763284238536,0.0,0.0,7.358524322509766,13.217048645019531,2.854892,2.854892,2.854892,0.0,0.0249996843789847,0.0,0.0,0.0,0.0,11.6227285,68.98333889999998,86.14819738000003,0.0,0.2999962125478166,0.0017499999999999,0.0017499999999999,52.015625,52.015625,16.295451,16.295451,16.295451,0.0,0.0249996843789847,0.0,0.0,0.0,0.0,0.306682,18.199139449999937,2774.0775509100004,0.0,1.5499804314970524,0.0,0.0,0.0,0.0,0.0,0.0,0.0,0.0,0.0,0.0,0.0,0.0,0.0,0.0,0.0,0.0,0.0,0.0,0.0185425062368067,0.0185425062368067,39.4686393737793,209.6965560913086,0.0,0.0,0.0,0.0,0.0,0.0,0.0,107.63671875,107.63671875,0.0,0.0,0.0,0.0,0.0,0.0125765656659757,0.0125765656659757,19.171299934387207,70.03091430664062,2026-09-15T06:00:43.190255+00:00,2026-09-15T06:01:23.190760+00:00
adHighCpu,176.199309,176.199309,176.199309,0.0,0.02499993875015,0.0,0.0,0.0,0.0,12.8061,25.93719,27.104398,0.0,0.0749998162504501,0.0,0.0,73.31640625,73.31640625,0.0,0.0,0.0,0.0,0.0,0.0,0.0,0.0,0.0,0.0,0.0,0.0,0.0,0.0,0.0,0.0,0.0,0.0,0.0,0.0,0.0,0.0,0.0,0.0,0.0,0.0,0.0,68.201059,193.288103,194.7593414,0.0,0.424998958752551,0.0,0.0,0.0,0.0,20.515,260.84599999999995,284.85759999999993,0.0350877192982456,1.4249965087585534,0.0,0.0,0.0,0.0,0.0,0.0,0.0,0.0,0.0999997550006002,0.0,0.0,0.0,0.0,0.0,0.0,0.0,0.0,0.0,0.0,0.0,73.38671875,73.38671875,1.27705,44.1905672,49.42187344,0.0,0.2249994487513505,0.0,0.0,0.0,0.0,0.0,0.0,0.0,0.0,0.0,0.0,0.0,0.0,0.0,12.281478,12.281478,12.281478,0.0,0.02499993875015,0.0,0.0,0.0,0.0,0.0,0.0,0.0,0.0,0.0,0.0,0.0,0.0,0.0,0.34098,5.559244499999999,6.000493699999999,0.0,0.1999995100012005,0.0,0.0,0.0,0.0,0.0,0.0,0.0,0.0,0.0,0.0,0.0,0.0,0.0,0.0,0.0,0.0,0.0,0.0,0.0,0.0,0.0,0.0,0.0,0.0,0.0,0.0,0.0,0.0,0.0,0.0,0.0,0.0,0.0,0.0,0.0,0.0,0.0094942925115131,0.0094942925115131,19.6739444732666,70.03510284423828,2026-09-15T06:01:51.093863+00:00,2026-09-15T06:02:31.093961+00:00
adHighCpu,34.424887,219.07171725,229.06361945,0.0,0.149998976256987,0.0,0.0,0.0,0.0,1.442,5.770419999999999,11.533607999999983,0.0,0.6249957344041127,0.0,0.0,73.32421875,73.32421875,0.0,0.0,0.0,0.0,0.0,0.0,0.0,0.0,0.0,2.9114395,8.646414299999996,9.349275659999998,0.0,0.099999317504658,0.0,0.0,0.0,0.0,0.0,0.0,0.0,0.0,0.0,0.0,0.0,0.0,0.0,14.736776,146.54944614999962,252.63410061,0.056338028169014,3.54997577141536,0.0,0.0,0.0,0.0,10.385,204.70349999999988,483.3657599999988,0.0377358490566037,5.299963827746876,0.0,0.0,0.0,0.0,0.0,0.1499999999999985,4.149999999999999,0.0,1.4499901038175411,0.0,0.0,0.0,0.0,0.0,0.0,0.0,0.0,0.0,0.0338124999999999,0.037375,71.6328125,71.6328125,4.693851,56.68492544999999,160.98324850999973,0.0,1.9999863500931607,0.0,0.0,7.202274322509766,12.967048645019531,0.4445865,0.55337085,0.5630405700000001,0.0,0.049999658752329,0.0,0.0,0.0,0.0,8.718637,59.6436795,82.39292230000001,0.0,0.2749981231378096,0.0,0.0,0.0,0.0,6.7443305,8.06740565,8.18501233,0.0,0.049999658752329,0.0,0.0,0.0,0.0,0.196545,0.9332021999999998,5056.5635285200015,0.0,1.124992321927403,0.0,0.0,0.0,0.0,0.0,0.0,0.0,0.0,0.0,0.0,0.0,0.0,0.0,0.0,0.0,0.0,0.0,0.0,0.0310321715817694,0.0310321715817694,42.64199733734131,222.7005157470703,0.0,0.0,0.0,0.0,0.0,0.0,0.0,107.63671875,107.63671875,0.0,0.0,0.0,0.0,0.0,0.0089548336492581,0.0089548336492581,19.738656997680664,70.08123016357422,2026-09-15T06:03:22.868788+00:00,2026-09-15T06:04:02.869061+00:00
adHighCpu,24.6423685,41.69089424999999,45.71036845,0.0,0.1999995350010811,0.2976668312262551,0.2976668312262551,17.78766632080078,61.70082092285156,1.1352,5.196099999999998,9.398598000000003,0.0,0.5749986631281082,0.0,0.0,73.90234375,73.90234375,0.0,0.0,0.0,0.0,0.0,0.0,0.0,0.0,0.0,2.15767,15.855942399999996,18.97698528,0.0,0.2249994768762162,0.0,0.0,0.0,0.0,0.0,0.0,0.0,0.0,0.0,0.0,0.0,0.0,0.0,12.184199,78.6364634,14995.01338928,0.054054054054054,4.624989246900001,0.0,0.0,0.0,0.0,11.4805,82.27004999999996,8622.787869999856,0.049618320610687,6.549984771285407,0.0,0.0,0.0,0.0,0.0,0.0,0.0,0.0,1.874995640635136,0.0,0.0,0.0,0.0,0.0,0.0,0.0,0.0,0.0,0.0,0.0,70.6328125,70.6328125,7.532701,29.25604905,67.65739541000002,0.0,1.7999958150097302,0.0,0.0,7.467899322509766,13.529548645019531,0.6325595,0.64642625,0.64765885,0.0,0.0499998837502702,0.0,0.0,0.0,0.0,9.091993,40.0461825,55.57890530000001,0.0,0.2749993606264865,0.002125,0.002125,51.96875,51.96875,20.07931,32.7938215,33.9240003,0.0,0.0499998837502702,0.0,0.0,0.0,0.0,0.234953,65.961421,3903.111306099996,0.0,1.1499973262562164,0.0,0.0,0.0,0.0,0.0,0.0,0.0,0.0,0.0,0.0,0.0,0.0,0.0,0.0,0.0,0.0,0.0,0.0,0.0041961653504336,0.0041961653504336,39.91678810119629,211.5845489501953,0.0,0.0,0.0,0.0,0.0,0.0,0.0,107.63671875,107.63671875,0.0,0.0,0.0,0.0,0.0,0.0057721605905199,0.0057721605905199,20.368560791015625,70.0857925415039,2026-09-15T06:04:30.435132+00:00,2026-09-15T06:05:10.435225+00:00
adManualGc,0.0,0.0,0.0,0.0,0.0,0.1354282688480289,0.1354282688480289,16.070730209350586,61.50067138671875,1.836,12.274399999999996,42.27247399999994,0.0,0.674995578778959,0.0,0.0,73.36328125,73.36328125,0.0,0.0,0.0,0.0,0.0,0.0,0.0,0.0,0.0,2.3935115,6.20383095,6.81637899,0.0,0.3499977075150158,0.0,0.0,0.0,0.0,0.0,0.0,0.0,0.0,0.0,0.0,0.0,0.0,0.0,11.931027,68.14911959999999,15002.88622268,0.0112994350282485,4.424971016439843,0.0,0.0,0.0,0.0,14.171,81.72414999999997,14999.35289,0.0236220472440944,6.349958407772429,0.0,0.0,0.0,0.0,0.0,0.75,2.0,0.0,1.1499924675493376,0.0,0.0,0.0,0.0,0.0,0.0,0.0,0.0,0.0,0.03565625,0.0395625,71.0078125,71.0078125,5.174806,26.72431539999998,32.593768479999994,0.0,2.324984771349748,0.0,0.0,7.620243072509766,13.802986145019531,0.563327,0.563327,0.563327,0.0,0.0249998362510725,0.0,0.0,0.0,0.0,6.399096,14.335118899999989,21.39491178,0.0,0.3749975437660883,0.002375,0.002375,51.93359375,51.93359375,20.920597,20.920597,20.920597,0.0,0.0249998362510725,0.0,0.0,0.0,0.0,0.244306,2498.326065,3158.2612315,0.0,1.2749916488047004,0.0,0.0,0.0,0.0,0.0,0.0,0.0,0.0,0.0,0.0,0.0,0.0,0.0,0.0,0.0,0.0,0.0,0.0,0.003600845228341,0.003600845228341,40.79626274108887,211.5845489501953,0.0,0.0,0.0,0.0,0.0,0.0,0.0,107.63671875,107.63671875,0.0,0.0,0.0,0.0,0.0,0.0070915776571528,0.0070915776571528,19.2568998336792,70.10234069824219,2026-09-15T06:05:38.386220+00:00,2026-09-15T06:06:18.386482+00:00
adManualGc,1400.737543,1615.5837975999998,1632.45621952,0.0,0.1249992625043512,0.0759285752132676,0.0759285752132676,17.591174125671387,64.85346221923828,1.1597,6.18196,14.994931999999965,0.0,0.9749942475339396,0.0,0.0,73.58984375,73.58984375,0.0,0.0,0.0,0.0,0.0,0.0,0.0,0.0,0.0,1.4733025,5.733432649999996,8.269934530000002,0.0,0.2999982300104429,0.0,0.0,0.0,0.0,0.0,0.0,0.0,0.0,0.0,0.0,0.0,0.0,0.0,9.975455,141.27038409999992,6582.779785400061,0.024390243902439,4.09997581014272,0.0,0.0,0.0,0.0,11.008,165.40939999999887,4827.551160000006,0.0276497695852534,5.424967992688843,0.0,0.0,0.0,0.0,0.0,0.0,0.6099999999999994,0.0,0.9999941000348098,0.0,0.0,0.0,0.0,0.0,0.0,0.0,0.0,0.0,0.0,0.0,70.1328125,70.1328125,3.577281,32.03319269999991,100.74153501000032,0.0,1.949988495067879,0.0,0.0,7.241336822509766,13.045173645019531,0.55526,0.55526,0.55526,0.0,0.0249998525008702,0.0,0.0,0.0,0.0,6.681411,20.2396645,21.2382577,0.0,0.2749983775095727,0.002375,0.002375,51.93359375,51.93359375,47.803988,47.803988,47.803988,0.0,0.0249998525008702,0.0,0.0,0.0,0.0,0.227064,2325.4948330499897,4360.964523829994,0.0,1.0499938050365505,0.0,0.0,0.0,0.0,0.0,0.0,0.0,0.0,0.0,0.0,0.0,0.0,0.0,0.0,0.0,0.0,0.0,0.0,0.0041402033251685,0.0041402033251685,39.64890575408936,211.38853454589844,0.0,0.0,0.0,0.0,0.0,0.0,0.0,107.63671875,107.63671875,0.0,0.0,0.0,0.0,0.0,0.0038542698419534,0.0038542698419534,20.390775680541992,70.12329864501953,2026-09-15T06:06:45.904357+00:00,2026-09-15T06:07:25.904593+00:00
adManualGc,2601.612703,3239.6143654,3296.32562428,0.0,0.0749997525008167,0.0351859341407863,0.0351859341407863,18.756394386291504,65.88444519042969,1.6052,11.8058,2437.2866800000024,0.0,0.5249982675057172,0.0,0.0,57.3515625,57.3515625,0.0,0.0,0.0,0.0,0.0,0.0,0.0,0.0,0.0,3.3658845,12.215222400000002,14.883694879999997,0.0,0.4999983500054449,0.0,0.0,0.0,0.0,0.0,0.0,0.0,0.0,0.0,0.0,0.0,0.0,0.0,13.759721,100.42730219999972,2546.1688454399978,0.0,2.824990677530764,0.0,0.0,0.0,0.0,13.235,134.29075,3176.1061500000046,0.0,3.649987955039749,0.0,0.0,0.0,0.0,0.0,0.0,0.6900000000000013,0.0,0.7999973600087119,0.0,0.0,0.0,0.0,0.0,0.0,0.0,0.0,0.0,0.0,0.0,0.0,0.0,2.979014,76.64982759999997,94.01868991999996,0.0,1.4249952975155182,0.0,0.0,7.229618072509766,13.209236145019531,0.0,0.0,0.0,0.0,0.0,0.0,0.0,0.0,0.0,6.586184,14.2958448,14.73720656,0.0,0.1999993400021779,0.00225,0.00225,31.390625,31.390625,0.0,0.0,0.0,0.0,0.0,0.0,0.0,0.0,0.0,0.269163,5.635423749999989,3192.0256034799986,0.0,1.0499965350114344,0.0,0.0,0.0,0.0,0.0,0.0,0.0,0.0,0.0,0.0,0.0,0.0,0.0,0.0,0.0,0.0,0.0,0.0,0.0071509140826185,0.0071509140826185,52.42143535614014,173.53194427490234,0.0,0.0,0.0,0.0,0.0,0.0,0.0,71.5078125,71.5078125,0.0,0.0,0.0,0.0,0.0,0.0072655217965653,0.0072655217965653,16.596243858337402,66.55795288085938,2026-09-15T06:17:58.622425+00:00,2026-09-15T06:18:38.622557+00:00
adManualGc,2300.644497,2730.9910287,2769.24405374,0.0,0.0749992143832293,0.0253196930946291,0.0253196930946291,18.98559856414795,65.91922760009766,1.9153,17.74667999999996,4055.6858319999897,0.0,0.6249934531935778,0.0,0.0,54.92578125,54.92578125,0.0,0.0,0.0,0.0,0.0,0.0,0.0,0.0,0.0,2.812521,22.3865905,26.142687700000003,0.0,0.1499984287664586,0.0,0.0,0.0,0.0,0.0,0.0,0.0,0.0,0.0,0.0,0.0,0.0,0.0,13.944831,118.30611609999984,2148.651785759997,0.0342857142857142,4.374954172355045,0.0,0.0,0.0,0.0,12.702,126.36414999999998,2631.618709999997,0.0245901639344262,6.099936103169319,0.0,0.0,0.0,0.0,0.0,0.0,1.4000000000000057,0.0,1.8249808833252472,0.0,0.0,0.0,0.0,0.0,0.0,0.0,0.0,0.0,0.029625,0.05925,42.703125,42.703125,6.4631295,44.31863359999992,158.48735087000048,0.0,1.9499795739639627,0.0,0.0,7.288211822509766,13.263923645019531,1.1553405,1.76832195,1.82280919,0.0,0.0499994762554862,0.0,0.0,0.0,0.0,11.4276825,31.709095749999985,36.62432875,0.0,0.2499973812774311,0.002625,0.002625,36.8671875,36.8671875,16.692938,20.4429752,20.77631184,0.0,0.0499994762554862,0.0,0.0,0.0,0.0,0.4353425,98.89110949999952,6568.831566670001,0.0,1.299986382642642,0.0,0.0,0.0,0.0,0.0,0.0,0.0,0.0,0.0,0.0,0.0,0.0,0.0,0.0,0.0,0.0,0.0,0.0,0.007212305597515,0.007212305597515,53.78051662445069,173.53194427490234,0.0,0.0,0.0,0.0,0.0,0.0,0.0,63.1484375,63.1484375,0.0,0.0,0.0,0.0,0.0,0.005074735068978,0.005074735068978,17.30852508544922,66.69568634033203,2026-09-15T06:19:07.017360+00:00,2026-09-15T06:19:47.017779+00:00
adManualGc,5401.806874,7079.5916724,7184.333809680001,0.0,0.1249994906270756,0.0170286854789052,0.0170286854789052,18.0125675201416,65.92213439941406,2.3335,23.836089999999988,39.10089799999998,0.0,0.3499985737558119,0.0,0.0,0.0,0.0,0.0,0.0,0.0,0.0,0.0,0.0,0.0,0.0,0.0,1.824175,4.199006649999999,4.810631730000001,0.0,0.2999987775049816,0.0,0.0,0.0,0.0,0.0,0.0,0.0,0.0,0.0,0.0,0.0,0.0,0.0,11.916471,116.16969359999996,7305.287619560016,0.0268456375838926,3.724984820686856,0.0,0.0,0.0,0.0,11.916,128.3918999999995,6753.758379999988,0.02,4.999979625083028,0.0,0.0,0.0,0.0,0.0,0.0,0.0,0.0,1.3249946006470024,0.0,0.0,0.0,0.0,0.0,0.0,0.0,0.0,0.0,0.03975,0.0795,42.578125,42.578125,4.819131,53.63593419999999,95.78078895999997,0.0,2.1249913406602867,0.0,0.0,0.0,0.0,0.627328,0.627328,0.627328,0.0,0.0249998981254151,0.0,0.0,0.0,0.0,9.821141,30.416593599999995,34.839591520000006,0.0,0.2999987775049816,0.003,0.003,48.921875,48.921875,4.700366,4.700366,4.700366,0.0,0.0249998981254151,0.0,0.0,0.0,0.0,0.314712,907.7191715999916,5899.532291880001,0.0,1.3749943968978326,0.0,0.0,0.0,0.0,0.0,0.0,0.0,0.0,0.0,0.0,0.0,0.0,0.0,0.0,0.0,0.0,0.0,0.0,0.0059541530217326,0.0059541530217326,55.14849281311035,173.53194427490234,0.0,0.0,0.0,0.0,0.0,0.0,0.0,62.15625,62.15625,0.0,0.0,0.0,0.0,0.0,0.0034421945052376,0.0034421945052376,17.85740566253662,66.77959442138672,2026-09-15T06:20:14.923563+00:00,2026-09-15T06:20:54.923726+00:00
cartFailure,16.47292,138.657988,152.7786224,0.0,0.1249988531355224,0.0257007349171081,0.0257007349171081,18.23474884033203,66.0143051147461,1.51745,9.472134999999993,19.509226999999985,0.0,0.349996788779463,0.0,0.0,0.0,0.0,0.0,0.0,0.0,0.0,0.0,0.0,0.0,0.0,0.0,1.6260925,6.571041949999997,7.694469989999998,0.0,0.1999981650168359,0.0,0.0,0.0,0.0,0.0,0.0,0.0,0.0,0.0,0.0,0.0,0.0,0.0,13.4162345,70.1204845,142.00146004999982,0.0272727272727272,2.749974768981495,0.0,0.0,0.0,0.0,13.925,92.18109999999989,1924.987699999974,0.0204081632653061,3.674966282184361,0.0,0.0,0.0,0.0,0.0,0.0,0.0,0.0,0.9499912838299708,0.0,0.0,0.0,0.0,0.0,0.0,0.0,0.0,0.0,0.04575,0.058625,43.96484375,43.96484375,3.869534,49.30517825,70.85369574999994,0.0,1.6499848613888968,0.0,0.0,0.0,0.0,0.429752,0.429752,0.429752,0.0,0.0249997706271044,0.0,0.0,0.0,0.0,6.535559,20.212263549999992,22.85967511,0.0,0.2499977062710449,0.00225,0.00225,48.87890625,48.87890625,3.472131,3.472131,3.472131,0.0,0.0249997706271044,0.0,0.0,0.0,0.0,2.4537225,59.19422784999996,5361.092219290008,0.0,1.299988072609434,0.0,0.0,0.0,0.0,0.0,0.0,0.0,0.0,0.0,0.0,0.0,0.0,0.0,0.0,0.0,0.0,0.0,0.0,0.0064068339562199,0.0064068339562199,56.59338855743408,173.53194427490234,0.0,0.0,0.0,0.0,0.0,0.0,0.0,0.0,0.0,0.0,0.0,0.0,0.0,0.0,0.0064536809488193,0.0064536809488193,16.186092376708984,66.82771301269531,2026-09-15T06:21:22.590903+00:00,2026-09-15T06:22:02.591270+00:00
cartFailure,51.9502545,62.55476505,63.49738821,0.0,0.049999698751815,0.0029737072930706,0.0029737072930706,18.643546104431152,66.0143051147461,1.61445,6.523189999999999,22.546126999999984,0.0,0.5499966862699652,0.0,0.0,0.0,0.0,0.0,0.0,0.0,0.0,0.0,0.0,0.0,0.0,0.0,2.4889775,9.411294999999996,10.9692094,0.0,0.2499984937590751,0.0,0.0,0.0,0.0,0.0,0.0,0.0,0.0,0.0,0.0,0.0,0.0,0.0,14.5813975,129.89943104999995,15000.33205078,0.0,2.449985238838936,0.0,0.0,0.0,0.0,16.6135,149.617,12811.148790000028,0.0166666666666666,2.999981925108901,0.0,0.0,0.0,0.0,0.0,0.0,0.0,0.0,0.6499960837735952,0.0,0.0,0.0,0.0,0.0,0.0,0.0,0.0,0.0,0.0,0.0,45.08984375,45.08984375,3.323877,44.92760159999998,75.84828983999999,0.0,1.1749929206676528,0.0,0.0,0.0,0.0,0.0,0.0,0.0,0.0,0.0,0.0,0.0,0.0,0.0,7.65049,12.61073375,13.45169155,0.0,0.149999096255445,0.0,0.0,0.0,0.0,0.0,0.0,0.0,0.0,0.0,0.0,0.0,0.0,0.0,0.565159,204.23669809999225,3213.82516427,0.0,0.9999939750363004,0.0,0.0,0.0,0.0,0.0,0.0,0.0,0.0,0.0,0.0,0.0,0.0,0.0,0.0,0.0,0.0,0.0,0.0,0.0056502011814057,0.0056502011814057,57.903587341308594,173.53194427490234,0.0,0.0,0.0,0.0,0.0,0.0,0.0,0.0,0.0,0.0,0.0,0.0,0.0,0.0,0.0058227902297005,0.0058227902297005,16.10750102996826,66.85047912597656,2026-09-15T06:22:30.280192+00:00,2026-09-15T06:23:10.280433+00:00
cartFailure,59.016408,98.210433,101.6710202,0.0,0.1249991218811687,0.0,0.0,0.0,0.0,1.1807,3.47378,12.74910199999998,0.0,0.6749952581583114,0.0,0.0,54.9765625,54.9765625,0.0,0.0,0.0,0.0,0.0,0.0,0.0,0.0,0.0,1.868551,4.9984765,5.2766921,0.0,0.0749994731287012,0.0,0.0,0.0,0.0,0.0,0.0,0.0,0.0,0.0,0.0,0.0,0.0,0.0,13.7894935,66.53508255,84.54443523999998,0.0192307692307692,2.5999817351283108,0.0,0.0,0.0,0.0,10.78,70.295,2500.607800000034,0.0186335403726708,4.024971724573635,0.0,0.0,0.0,0.0,0.0,0.0,0.5499999999999972,0.0,1.1499919213067529,0.0,0.0,0.0,0.0,0.0,0.0,0.0,0.0,0.0,0.0,0.0,47.09765625,47.09765625,2.21454,31.1624994,46.45512007999999,0.0,1.3499905163166228,0.0,0.0,7.299930572509766,13.224861145019531,0.871856,0.871856,0.871856,0.0,0.0249998243762337,0.0,0.0,0.0,0.0,5.358493,8.60789125,9.17736705,0.0,0.1499989462574025,0.0,0.0,0.0,0.0,16.898862,16.898862,16.898862,0.0,0.0249998243762337,0.0,0.0,0.0,0.0,0.714401,23.1977619,3837.607176650016,0.0,0.9499933262968828,0.0,0.0,0.0,0.0,0.0,0.0,0.0,0.0,0.0,0.0,0.0,0.0,0.0,0.0,0.0,0.0,0.0,0.0,0.0,0.0,0.0,0.0,0.0,0.0,0.0,0.0,0.0,0.0,0.0,0.0,0.0,0.0,0.0,0.0,0.0,0.0,0.0,0.0,0.0,0.0,2026-09-15T06:23:38.152571+00:00,2026-09-15T06:24:18.152852+00:00
cartFailure,34.176988,68.48445069999998,71.53400294,0.0,0.0749993775051667,0.0,0.0,0.0,0.0,1.4237,13.372539999999995,17.245308,0.0,0.424996472529278,0.0,0.0,53.8984375,53.8984375,0.0,0.0,0.0,0.0,0.0,0.0,0.0,0.0,0.0,2.790251,5.2388171,5.44758902,0.0,0.0999991700068889,0.0,0.0,0.0,0.0,0.0,0.0,0.0,0.0,0.0,0.0,0.0,0.0,0.0,12.933407,128.24152935,152.00690743,0.0597014925373134,3.34997219523078,0.0,0.0,0.0,0.0,11.1265,129.48795000000004,186.07435999999976,0.0425531914893617,4.69996099032378,0.0,0.0,0.0,0.0,0.0,0.0,0.4299999999999997,0.0,1.4499879650998897,0.0,0.0,0.0,0.0,0.0,0.0,0.0,0.0,0.0,0.0,0.0,0.0,0.0,13.4358745,84.30508454999993,113.34226493,0.0,1.3499887950930007,0.0,0.0,7.530399322509766,13.654548645019531,0.78245,1.0075337,1.02754114,0.0,0.0499995850034444,0.0,0.0,0.0,0.0,8.62318,34.05106199999999,44.3157548,0.0,0.2249981325155001,0.0,0.0,0.0,0.0,29.9574175,48.53643475,50.18790295,0.0,0.0499995850034444,0.0,0.0,0.0,0.0,0.479801,21.007720599999995,3736.504312479989,0.0,1.074991077574056,0.0,0.0,0.0,0.0,0.0,0.0,0.0,0.0,0.0,0.0,0.0,0.0,0.0,0.0,0.0,0.0,0.0,0.0,0.0,0.0,0.0,0.0,0.0,0.0,0.0,0.0,0.0,0.0,0.0,61.515625,61.515625,0.0,0.0,0.0,0.0,0.0,0.0,0.0,0.0,0.0,2026-09-15T06:24:46.138077+00:00,2026-09-15T06:25:26.138409+00:00
cartFailure,101.7552635,153.95168375,158.59136555,0.0,0.0499997262514987,0.0029026956651655,0.0029026956651655,20.669129371643063,66.0143051147461,2.10855,340.2185049999997,819.7678609999992,0.0,0.3499980837604914,0.0,0.0,55.765625,55.765625,0.0,0.0,0.0,0.0,0.0,0.0,0.0,0.0,0.0,1.687589,5.957514399999996,7.213235679999998,0.0,0.1749990418802457,0.0,0.0,0.0,0.0,0.0,0.0,0.0,0.0,0.0,0.0,0.0,0.0,0.0,12.871801,262.241456,1235.8646328000018,0.036036036036036,2.774984806958182,0.0,0.0,0.0,0.0,12.383,288.2093999999988,3610.15197999996,0.0266666666666666,3.749979468862408,0.0,0.0,0.0,0.0,0.0,0.0,0.0,0.0,1.0749941144072237,0.0,0.0,0.0,0.0,0.0,0.0,0.0,0.0,0.0,0.0,0.0,0.0,0.0,14.987639,471.55359905,1230.6353218600002,0.0,1.549991513796462,0.0,0.0,7.284305572509766,13.099861145019531,0.507659,0.507659,0.507659,0.0,0.0249998631257493,0.0,0.0,0.0,0.0,12.449682,121.36430359999991,176.52789272,0.0,0.2249987681317444,0.002125,0.002125,49.40625,49.40625,5.333624,5.333624,5.333624,0.0,0.0249998631257493,0.0,0.0,0.0,0.0,0.31784,26.74122,5814.3664925,0.0,1.2749930194132186,0.0,0.0,0.0,0.0,0.0,0.0,0.0,0.0,0.0,0.0,0.0,0.0,0.0,0.0,0.0,0.0,0.0,0.0,0.0085285105106392,0.0085285105106392,61.45889186859131,379.4568939208984,0.0,0.0,0.0,0.0,0.0,0.0,0.0,61.28515625,61.28515625,0.0,0.0,0.0,0.0,0.0,0.0,0.0,0.0,0.0,2026-09-15T06:25:53.892297+00:00,2026-09-15T06:26:33.892516+00:00
paymentFailure,109.9741045,232.19460985,241.33174597,0.0,0.0999987175164478,0.0039383218743742,0.0039383218743742,21.05416488647461,66.0143051147461,6.5081,20.886119999999988,26.673852,0.0,0.6749913432360231,0.0,0.0,55.30859375,55.30859375,0.0,0.0,0.0,0.0,0.0,0.0,0.0,0.0,0.0,2.943385,6.819843199999998,7.413482239999999,0.0,0.1749977556537837,0.0,0.0,0.0,0.0,0.0,0.0,0.0,0.0,0.0,0.0,0.0,0.0,0.0,12.500205,128.94587219999977,264.3315652300003,0.0175438596491228,2.849963449218764,0.0,0.0,0.0,0.0,14.315,141.74140000000017,6451.441079999993,0.0196078431372549,3.8249509450041295,0.0,0.0,0.0,0.0,0.0,0.0,1.5899999999999963,0.0,1.0499865339227026,0.0,0.0,0.0,0.0,0.0,0.0,0.0,0.0,0.0,0.0,0.0,45.09765625,45.09765625,3.938986,51.55978619999994,81.11284794000002,0.0,1.4749810833676058,0.0,0.0,7.245243072509766,13.021736145019531,0.625769,0.625769,0.625769,0.0,0.0249996793791119,0.0,0.0,0.0,0.0,6.08261,17.406294999999997,19.7692102,0.0,0.2249971144120076,0.003875,0.003875,49.05859375,49.05859375,60.364228,60.364228,60.364228,0.0,0.0249996793791119,0.0,0.0,0.0,0.0,1.0921505,24.269516750000008,3895.195938590002,0.0,1.0999858926809265,0.0,0.0,0.0,0.0,0.0,0.0,0.0,0.0,0.0,0.0,0.0,0.0,0.0,0.0,0.0,0.0,0.0,0.0,0.0172708482391287,0.0172708482391287,35.97493648529053,182.53865814208984,0.0,0.0,0.0,0.0,0.0,0.0,0.0,68.5234375,68.5234375,0.0,0.0,0.0,0.0,0.0,0.0038380476982806,0.0038380476982806,17.338077545166016,67.09900665283203,2026-09-15T06:27:08.776202+00:00,2026-09-15T06:27:48.776715+00:00
paymentFailure,25.0867265,29.76090575,30.17638835,0.0,0.0499996525024151,0.0035595633602278,0.0035595633602278,21.365283966064453,66.0143051147461,2.0201,14.241679999999995,51.7941199999999,0.0,0.6249956562801888,0.0,0.0,0.0,0.0,0.0,0.0,0.0,0.0,0.0,0.0,0.0,0.0,0.0,2.2497235,7.31864825,7.50334085,0.0,0.3999972200193208,0.0,0.0,0.0,0.0,0.0,0.0,0.0,0.0,0.0,0.0,0.0,0.0,0.0,15.916019,505.6735992000001,1390.2740550299975,0.0,3.4499760226666423,0.0,0.0,0.0,0.0,15.5865,602.0363499999997,4761.029570000012,0.0057471264367816,4.349969767710114,0.0,0.0,0.0,0.0,0.0,0.0,0.0,0.0,0.8749939187922644,0.0,0.0,0.0,0.0,0.0,0.0,0.0,0.0,0.0,0.0364166666666666,0.04725,40.22265625,40.22265625,36.256831,614.5300171999994,1009.2246672799986,0.0,2.54998227762317,0.0,0.0,0.0,0.0,0.0,0.0,0.0,0.0,0.0,0.0,0.0,0.0,0.0,33.305079,325.85525219999965,641.17495844,0.0,0.4249970462705284,0.0025,0.0025,48.5078125,48.5078125,0.0,0.0,0.0,0.0,0.0,0.0,0.0,0.0,0.0,0.495596,2507.9612855,5105.831255149997,0.0,1.1499920075555474,0.0,0.0,0.0,0.0,0.0,0.0,0.0,0.0,0.0,0.0,0.0,0.0,0.0,0.0,0.0,0.0,0.0,0.0,0.0144853317726241,0.0144853317726241,39.821648597717285,203.53865814208984,0.0,0.0,0.0,0.0,0.0,0.0,0.0,67.86328125,67.86328125,0.0,0.0,0.0,0.0,0.0,0.0062335533410983,0.0062335533410983,16.89557933807373,67.13589477539062,2026-09-15T06:28:16.776718+00:00,2026-09-15T06:28:56.776996+00:00
paymentFailure,89.8603955,178.31646649999996,188.0786117,0.0,0.09999870501677,0.0047040805163548,0.0047040805163548,21.77992820739746,66.0143051147461,1.89095,17.212275,21.065415,0.0,0.3999948200670801,0.0,0.0,0.0,0.0,0.0,0.0,0.0,0.0,0.0,0.0,0.0,0.0,0.0,1.803699,2.252403,2.2922878,0.0,0.049999352508385,0.0,0.0,0.0,0.0,0.0,0.0,0.0,0.0,0.0,0.0,0.0,0.0,0.0,12.619721,89.11476969999987,144.1418524599994,0.0481927710843373,2.074973129097978,0.0,0.0,0.0,0.0,11.349,99.0331999999999,200.90295999999964,0.0353982300884955,2.8249634167237536,0.0,0.0,0.0,0.0,0.0,0.0,25.460000000000065,0.0,0.8499889926425452,0.0,0.0,0.0,0.0,0.0,0.0,0.0,0.0,0.0,0.0,0.0,39.72265625,39.72265625,4.272183,42.7718495,50.8136305,0.0,1.274983488963818,0.0,0.0,0.0,0.0,0.564406,0.564406,0.564406,0.0,0.0249996762541925,0.0,0.0,0.0,0.0,5.250343,13.3529519,13.56235838,0.0,0.1749977337793475,0.00225,0.00225,48.46484375,48.46484375,19.405974,19.405974,19.405974,0.0,0.0249996762541925,0.0,0.0,0.0,0.0,0.30262,14.167856199999996,52.81650833999994,0.0,1.074986078930278,0.0,0.0,0.0,0.0,0.0,0.0,0.0,0.0,0.0,0.0,0.0,0.0,0.0,0.0,0.0,0.0,0.0,0.0,0.0049813749476514,0.0049813749476514,41.00817489624024,203.53865814208984,0.0,0.0,0.0,0.0,0.0,0.0,0.0,0.0,0.0,0.0,0.0,0.0,0.0,0.0,0.0029448607784102,0.0029448607784102,17.657479286193848,67.15704345703125,2026-09-15T06:29:25.628504+00:00,2026-09-15T06:30:05.629022+00:00
paymentFailure,15.806728,27.910161599999995,30.221644319999992,0.0,0.1749981756440189,0.0,0.0,0.0,0.0,2.6189,10.552394999999995,12.214581,0.0,0.6999927025760757,0.0,0.0,0.0,0.0,0.0,0.0,0.0,0.0,0.0,0.0,0.0,0.0,0.0,1.7484095,3.0665162999999995,3.47298166,0.0,0.1999979150217359,0.0,0.0,0.0,0.0,0.0,0.0,0.0,0.0,0.0,0.0,0.0,0.0,0.0,10.790749,77.17699249999995,5208.864033920051,0.0239520958083832,4.174956476078737,0.0,0.0,0.0,0.0,10.89,84.52909999999977,5968.150129999959,0.0275229357798165,5.449943184342303,0.0,0.0,0.0,0.0,0.0,0.0,0.9200000000000016,0.0,1.3749856657744344,0.0,0.0,0.0,0.0,0.0,0.0,0.0,0.0,0.0,0.0,0.0,40.09765625,40.09765625,4.203865,68.33419080000002,1503.85777431997,0.0,1.924979932084208,0.0,0.0,7.374149322509766,13.373298645019531,1.558286,1.558286,1.558286,0.0,0.0249997393777169,0.0,0.0,0.0,0.0,8.213421,13.029554999999998,13.665245399999998,0.0,0.1749981756440189,0.0,0.0,0.0,0.0,30.916101,30.916101,30.916101,0.0,0.0249997393777169,0.0,0.0,0.0,0.0,0.246448,3.444547199999999,5068.842058359992,0.0,1.3249861870190005,0.0,0.0,0.0,0.0,0.0,0.0,0.0,0.0,0.0,0.0,0.0,0.0,0.0,0.0,0.0,0.0,0.0,0.0,0.0,0.0,0.0,0.0,0.0,0.0,0.0,0.0,0.0,0.0,0.0,0.0,0.0,0.0,0.0,0.0,0.0,0.0,0.0039875941515285,0.0039875941515285,18.175683975219727,67.18704223632812,2026-09-15T06:30:33.309600+00:00,2026-09-15T06:31:13.310017+00:00
paymentFailure,15.905947,21.1308142,21.59524684,0.0,0.074998873141931,0.0,0.0,0.0,0.0,4.7044,21.37235,25.111148000000004,0.0,0.5749913607548046,0.0,0.0,52.48046875,52.48046875,0.0,0.0,0.0,0.0,0.0,0.0,0.0,0.0,0.0,0.908739,1.0029906,1.01136852,0.0,0.0499992487612873,0.0,0.0,0.0,0.0,0.0,0.0,0.0,0.0,0.0,0.0,0.0,0.0,0.0,10.3160355,104.35522325,14999.8130621,0.0465116279069767,2.1499676967353563,0.0,0.0,0.0,0.0,8.2405,124.182,14999.88717,0.0614035087719298,2.84995717939338,0.0,0.0,0.0,0.0,0.0,0.0,1.3400000000000034,0.0,0.849987228941885,0.0,0.0,0.0,0.0,0.0,0.0,0.0,0.0,0.0,0.0,0.0,0.0,0.0,2.096635,27.20510419999999,47.78551874,0.0,1.3749793409354023,0.0,0.0,7.483524322509766,13.560798645019531,0.357969,0.357969,0.357969,0.0,0.0249996243806436,0.0,0.0,0.0,0.0,5.531494,11.68288725,12.81919425,0.0,0.149997746283862,0.0,0.0,0.0,0.0,2.54555,2.54555,2.54555,0.0,0.0249996243806436,0.0,0.0,0.0,0.0,0.275533,39.5650124999999,6784.892532039966,0.0,0.8749868533225288,0.0,0.0,0.0,0.0,0.0,0.0,0.0,0.0,0.0,0.0,0.0,0.0,0.0,0.0,0.0,0.0,0.0,0.0,0.0,0.0,0.0,0.0,0.0,0.0,0.0,0.0,0.0,0.0,0.0,63.5625,63.5625,0.0,0.0,0.0,0.0,0.0,0.0,0.0,0.0,0.0,2026-09-15T06:31:41.392637+00:00,2026-09-15T06:32:21.393238+00:00
recommendationCacheFailure,304.285967,304.285967,304.285967,0.0,0.0249998525008702,0.0,0.0,0.0,0.0,0.83185,32.417025,39.81588500000001,0.0,0.1499991150052214,0.0,0.0,52.01953125,52.01953125,0.0,0.0,0.0,0.0,0.0,0.0,0.0,0.0,0.0,2.958482,4.0768685,4.3080697,0.0,0.1499991150052214,0.0,0.0,0.0,0.0,0.0,0.0,0.0,0.0,0.0,0.0,0.0,0.0,0.0,14.3882,59.642942,203.2941312000005,0.0,1.3999917400487336,0.0,0.0,0.0,0.0,14.946,98.61839999999997,1437.5847199999762,0.0,2.12498746257397,0.0,0.0,0.0,0.0,0.0,0.2999999999999936,2.460000000000001,0.0,0.4749971975165346,0.0,0.0,0.0,0.0,0.0,0.0,0.0,0.0,0.0,0.0,0.0,0.0,0.0,3.400071,34.63237760000004,64.02279449999997,0.0,0.9749942475339396,0.0,0.0,7.210086822509766,13.013923645019531,0.0,0.0,0.0,0.0,0.0,0.0,0.0,0.0,0.0,3.3396725,30.3850515,37.149931900000006,0.0,0.1499991150052214,0.0,0.0,0.0,0.0,0.0,0.0,0.0,0.0,0.0,0.0,0.0,0.0,0.0,0.23623,41.00308404999997,4339.837425299973,0.0,1.0499938050365505,0.0,0.0,0.0,0.0,0.0,0.0,0.0,0.0,0.0,0.0,0.0,0.0,0.0,0.0,0.0,0.0,0.0,0.0,0.0,0.0,0.0,0.0,0.0,0.0,0.0,0.0,0.0,0.0,0.0,62.0546875,62.0546875,0.0,0.0,0.0,0.0,0.0,0.0,0.0,0.0,0.0,2026-09-15T06:32:49.951761+00:00,2026-09-15T06:33:29.951997+00:00
recommendationCacheFailure,8.770142,19.534053,20.1987938,0.0,0.2249992068777957,0.0092102027585898,0.0092102027585898,23.511664390563965,66.0143051147461,7.6433,24.879,5944.673320000005,0.0,0.5249981493815234,0.0,0.0,55.66015625,55.66015625,0.0,0.0,0.0,0.0,0.0,0.0,0.0,0.0,0.0,2.469655,7.066995599999996,9.650538320000004,0.0,0.2999989425037276,0.0,0.0,0.0,0.0,0.0,0.0,0.0,0.0,0.0,0.0,0.0,0.0,0.0,13.338479,70.51109319999996,122.46266618999957,0.0493827160493827,4.049985723800324,0.0,0.0,0.0,0.0,11.816,95.63025,193.80120000000016,0.0338983050847457,5.899979202573311,0.0,0.0,0.0,0.0,0.0,0.0,0.6399999999999864,0.0,1.724993919396434,0.0,0.0,0.0,0.0,0.0,0.0,0.0,0.0,0.0,0.0,0.0,0.0,0.0,8.2021705,68.13786185000001,91.63301426000004,0.0,1.799993655022366,0.0,0.0,7.487430572509766,13.599861145019531,0.724132,0.724132,0.724132,0.0,0.0249999118753106,0.0,0.0,0.0,0.0,3.982021,50.81545354999994,85.27968511000005,0.0,0.2999989425037276,0.002125,0.002125,49.41796875,49.41796875,10.847417,10.847417,10.847417,0.0,0.0249999118753106,0.0,0.0,0.0,0.0,0.6599,51.239334,6818.681227399991,0.0,1.524994624393949,0.0,0.0,0.0,0.0,0.0,0.0,0.0,0.0,0.0,0.0,0.0,0.0,0.0,0.0,0.0,0.0,0.0,0.0,0.0095840221616549,0.0095840221616549,37.986748695373535,194.92711639404297,0.0,0.0,0.0,0.0,0.0,0.0,0.0,62.15625,62.15625,0.0,0.0,0.0,0.0,0.0,0.0111048919735811,0.0111048919735811,16.53593921661377,67.25125122070312,2026-09-15T06:33:58.138384+00:00,2026-09-15T06:34:38.138525+00:00
recommendationCacheFailure,10.31874,11.7903624,11.92117328,0.0,0.0749996587515526,0.0045071399163578,0.0045071399163578,23.805814743041992,66.0143051147461,4.8593,17.024379999999987,29.908795999999995,0.0,0.4249980662587985,0.0,0.0,56.67578125,56.67578125,0.0,0.0,0.0,0.0,0.0,0.0,0.0,0.0,0.0,2.0240605,6.615090799999999,7.02099656,0.0,0.2499988625051755,0.0,0.0,0.0,0.0,0.0,0.0,0.0,0.0,0.0,0.0,0.0,0.0,0.0,10.9820765,51.48147064999999,1120.126664129898,0.0,2.3499893075486504,0.0,0.0,0.0,0.0,11.418,58.20939999999997,3976.5080800000014,0.0085470085470085,2.924986691310554,0.0,0.0,0.0,0.0,0.0,0.0,0.7699999999999996,0.0,0.5999972700124214,0.0,0.0,0.0,0.0,0.0,0.0,0.0,0.0,0.0,0.0195625,0.025625,40.22265625,40.22265625,3.145507,22.6974881,29.569851299999986,0.0,1.0749951087722551,0.0,0.0,7.389774322509766,13.342048645019531,0.0,0.0,0.0,0.0,0.0,0.0,0.0,0.0,0.0,9.06833,14.889170999999996,15.4841382,0.0,0.1749992037536229,0.002375,0.002375,49.40625,49.40625,0.0,0.0,0.0,0.0,0.0,0.0,0.0,0.0,0.0,0.294038,368.4217473000052,3878.340259539999,0.0,0.9749955637701848,0.0,0.0,0.0,0.0,0.0,0.0,0.0,0.0,0.0,0.0,0.0,0.0,0.0,0.0,0.0,0.0,0.0,0.0,0.0092510152229147,0.0092510152229147,39.28780651092529,194.92711639404297,0.0,0.0,0.0,0.0,0.0,0.0,0.0,62.80078125,62.80078125,0.0,0.0,0.0,0.0,0.0,0.0063995124181014,0.0063995124181014,17.061198234558105,67.30122375488281,2026-09-15T06:35:06.459407+00:00,2026-09-15T06:35:46.459589+00:00
recommendationCacheFailure,8.209831,21.17332095,22.78640979,0.0,0.0999990650087421,0.0042250641710015,0.0042250641710015,24.188952445983887,66.0143051147461,6.7641,22.329249999999995,23.77321,0.0,0.4749955587915253,0.0,0.0,56.6171875,56.6171875,0.0,0.0,0.0,0.0,0.0,0.0,0.0,0.0,0.0,1.8006205,5.018653849999999,5.464393970000001,0.0,0.2499976625218554,0.0,0.0,0.0,0.0,0.0,0.0,0.0,0.0,0.0,0.0,0.0,0.0,0.0,9.426372,76.0010726,5770.223154220039,0.0,1.574985273887689,0.0,0.0,0.0,0.0,12.9755,164.90809999999988,12076.534059999982,0.0084745762711864,2.949972417757894,0.0,0.0,0.0,0.0,0.0,0.0,0.0,0.0,0.4249960262871542,0.0,0.0,0.0,0.0,0.0,0.0,0.0,0.0,0.0,0.03325,0.0665,40.47265625,40.47265625,2.34371,16.048638399999998,20.442380600000003,0.0,0.7999925200699374,0.0,0.0,0.0,0.0,0.0,0.0,0.0,0.0,0.0,0.0,0.0,0.0,0.0,1.995039,15.111077099999992,17.731777019999996,0.0,0.1749983637652988,0.01425,0.01425,49.46875,49.46875,0.0,0.0,0.0,0.0,0.0,0.0,0.0,0.0,0.0,0.1912345,2.049430649999988,8756.785438840036,0.0,0.9499911175830504,0.0,0.0,0.0,0.0,0.0,0.0,0.0,0.0,0.0,0.0,0.0,0.0,0.0,0.0,0.0,0.0,0.0,0.0,0.0627807777828198,0.0627807777828198,38.55970001220703,194.454704284668,0.0,0.0,0.0,0.0,0.0,0.0,0.0,62.22265625,62.22265625,0.0,0.0,0.0,0.0,0.0,0.0136223750905141,0.0136223750905141,16.843292236328125,67.32136535644531,2026-09-15T06:36:14.647008+00:00,2026-09-15T06:36:54.647382+00:00
recommendationCacheFailure,9.830516,16.143968499999996,17.0981377,0.0,0.1749991775038657,0.0029708472257843,0.0029708472257843,24.47854518890381,66.0143051147461,2.2589,10.313779999999996,12.039271999999997,0.0,0.6249970625138062,0.0,0.0,0.0,0.0,0.0,0.0,0.0,0.0,0.0,0.0,0.0,0.0,0.0,2.170219,8.339389399999998,10.21169468,0.0,0.2249989425049702,0.0,0.0,0.0,0.0,0.0,0.0,0.0,0.0,0.0,0.0,0.0,0.0,0.0,11.7046515,53.67197229999995,74.95262305000006,0.0352941176470588,4.2499800250938815,0.0,0.0,0.0,0.0,9.832,65.59849999999997,1918.318900000031,0.0235294117647058,6.374970037640823,0.0,0.0,0.0,0.0,0.0,0.0,1.3199999999999932,0.0,1.724991892538105,0.0,0.0,0.0,0.0,0.0,0.0,0.0,0.0,0.0,0.0,0.0,40.72265625,40.72265625,4.755725,35.376288500000015,53.790319120000014,0.0,2.1749897775480456,0.0,0.0,0.0,0.0,0.665808,0.8063628,0.8188565600000001,0.0,0.0499997650011044,0.0,0.0,0.0,0.0,4.6403645,10.966415199999997,15.321265439999994,0.0,0.3499983550077314,0.002375,0.002375,49.77734375,49.77734375,4.9487315,5.73717695,5.8072609900000005,0.0,0.0499997650011044,0.0,0.0,0.0,0.0,0.341983,2016.449274,6532.9746575,0.0,1.2749940075281645,0.0,0.0,0.0,0.0,0.0,0.0,0.0,0.0,0.0,0.0,0.0,0.0,0.0,0.0,0.0,0.0,0.0,0.0,0.0051247010591048,0.0051247010591048,37.80571365356445,196.8727645874024,0.0,0.0,0.0,0.0,0.0,0.0,0.0,0.0,0.0,0.0,0.0,0.0,0.0,0.0,0.0035245113745594,0.0035245113745594,16.204655647277832,67.3592758178711,2026-09-15T06:37:22.106934+00:00,2026-09-15T06:38:02.107122+00:00
kafkaQueueProblems,23.3020475,40.11315809999999,41.92350522,0.0,0.0999987800148838,0.004268920542303,0.004268920542303,19.1841688156128,66.0143051147461,1.87815,15.687979999999923,50.98215599999991,0.0,0.4499945100669772,0.0,0.0,0.0,0.0,0.0,0.0,0.0,0.0,0.0,0.0,0.0,0.0,0.0,1.42084,3.5993536,3.81963712,0.0,0.1749978650260467,0.0,0.0,0.0,0.0,0.0,0.0,0.0,0.0,0.0,0.0,0.0,0.0,0.0,9.257564,379.7006253999952,2869.155082000003,0.0341880341880341,2.924964315435352,0.0,0.0,0.0,0.0,9.8155,530.3333999999927,8186.495609999932,0.0333333333333333,3.749954250558144,0.0,0.0,0.0,0.0,0.0,0.0,0.0,0.0,0.9249887151376752,0.0,0.0,0.0,0.0,0.0,0.0,0.0,0.0,0.0,0.04125,0.053875,41.22265625,41.22265625,25.270223,1043.263444,1187.6127608999998,0.0,1.774978345264188,0.0,0.0,0.0,0.0,1.205724,1.205724,1.205724,0.0,0.0249996950037209,0.0,0.0,0.0,0.0,40.766176,1236.3511975,1258.4173587,0.0,0.2749966450409305,0.00225,0.00225,49.98046875,49.98046875,4.95195,4.95195,4.95195,0.0,0.0249996950037209,0.0,0.0,0.0,0.0,1.126557,73.75041439999994,8231.18738247997,0.0,1.224985055182327,0.0,0.0,0.0,0.0,0.0,0.0,0.0,0.0,0.0,0.0,0.0,0.0,0.0,0.0,0.0,0.0,0.0,0.0,0.0043312431314241,0.0043312431314241,39.09498405456543,196.8727645874024,0.0,0.0,0.0,0.0,0.0,0.0,0.0,0.0,0.0,0.0,0.0,0.0,0.0,0.0,0.002737304940081,0.002737304940081,16.719327926635742,67.37313842773438,2026-09-15T06:38:29.553939+00:00,2026-09-15T06:39:09.554427+00:00
kafkaQueueProblems,19.197691,30.10271125,30.42142385,0.0,0.1499979525279479,0.0,0.0,0.0,0.0,1.49,5.360779999999999,5.795035999999999,0.0,0.324995563810554,0.0,0.0,57.0546875,57.0546875,0.0,0.0,0.0,0.0,0.0,0.0,0.0,0.0,0.0,2.21531,3.216353,3.3053346,0.0,0.049999317509316,0.0,0.0,0.0,0.0,0.0,0.0,0.0,0.0,0.0,0.0,0.0,0.0,0.0,15.0284985,694.02594075,4566.2415135,0.0263157894736842,1.899974065354008,0.0,0.0,0.0,0.0,11.25,684.6224,5076.828919999979,0.0265486725663716,2.824961439276354,0.0,0.0,0.0,0.0,0.0,0.0,2.9599999999999937,0.0,0.6749907863757659,0.0,0.0,0.0,0.0,0.0,0.0,0.0,0.0,0.0,0.0675,0.08825,41.22265625,41.22265625,44.49979,951.099512,1012.1429524599998,0.0,0.974986691431662,0.0,0.0,7.581180572509766,13.662361145019531,1.235998,1.235998,1.235998,0.0,0.024999658754658,0.0,0.0,0.0,0.0,161.27279,412.2875158,431.17314076,0.0,0.099998635018632,0.002125,0.002125,49.98828125,49.98828125,5.147757,5.147757,5.147757,0.0,0.024999658754658,0.0,0.0,0.0,0.0,0.327349,21.712879199999986,3268.89215067999,0.0,1.074985326450294,0.0,0.0,0.0,0.0,0.0,0.0,0.0,0.0,0.0,0.0,0.0,0.0,0.0,0.0,0.0,0.0,0.0,0.0,0.0,0.0,0.0,0.0,0.0,0.0,0.0,0.0,0.0,0.0,0.0,0.0,0.0,0.0,0.0,0.0,0.0,0.0,0.0,0.0,0.0,0.0,2026-09-15T06:39:37.137822+00:00,2026-09-15T06:40:17.138368+00:00
kafkaQueueProblems,16.853332,64.7968686,70.53602012,0.0,0.1249991531307375,0.0,0.0,0.0,0.0,0.9921,2.8970799999999977,4.865016,0.0,0.4249971206445077,0.0,0.0,58.60546875,58.60546875,0.0,0.0,0.0,0.0,0.0,0.0,0.0,0.0,0.0,1.948369,6.300823449999998,7.195933490000002,0.0,0.2999979675137701,0.0,0.0,0.0,0.0,0.0,0.0,0.0,0.0,0.0,0.0,0.0,0.0,0.0,10.518676,416.41941209999993,1411.094271679999,0.0148148148148148,3.3749771345299138,0.0,0.0,0.0,0.0,11.2105,435.6612499999998,2295.7375300000085,0.0111111111111111,4.499969512706552,0.0,0.0,0.0,0.0,0.0,0.0,0.6400000000000006,0.0,0.9249937331674578,0.0,0.0,0.0,0.0,0.0,0.0,0.0,0.0,0.0,0.0,0.0,0.0,0.0,20.740952,700.401219,1067.3362771500003,0.0,2.09998577259639,0.0,0.0,7.249149322509766,13.060798645019531,0.310587,0.310587,0.310587,0.0,0.0249998306261475,0.0,0.0,0.0,0.0,25.60613,815.1378977999998,889.4732451599998,0.0,0.3249977981399176,0.0,0.0,0.0,0.0,128.15787,128.15787,128.15787,0.0,0.0249998306261475,0.0,0.0,0.0,0.0,0.340706,25.719857,5433.5823995999945,0.0,1.524989668194998,0.0,0.0,0.0,0.0,0.0,0.0,0.0,0.0,0.0,0.0,0.0,0.0,0.0,0.0,0.0,0.0,0.0,0.0,0.0,0.0,0.0,0.0,0.0,0.0,0.0,0.0,0.0,0.0,0.0,66.6796875,66.6796875,0.0,0.0,0.0,0.0,0.0,0.0,0.0,0.0,0.0,2026-09-15T06:40:44.907879+00:00,2026-09-15T06:41:24.908150+00:00
kafkaQueueProblems,16.050354,51.81222149999997,61.36252349999998,0.0,0.174999370002268,0.0044339216530348,0.0044339216530348,20.49694061279297,66.0143051147461,1.3346,11.179919999999994,15.878224,0.0,0.424998470005508,0.0,0.0,61.74609375,61.74609375,0.0,0.0,0.0,0.0,0.0,0.0,0.0,0.0,0.0,1.1543505,3.01190325,3.02192305,0.0,0.1999992800025919,0.0,0.0,0.0,0.0,0.0,0.0,0.0,0.0,0.0,0.0,0.0,0.0,0.0,9.5741315,98.47581609999968,181.18213632000013,0.0211267605633802,3.549987220046008,0.0,0.0,0.0,0.0,7.675,79.87719999999986,406.3092800000376,0.0150753768844221,4.974982090064476,0.0,0.0,0.0,0.0,0.0,0.5999999999999943,13.980000000000013,0.0,1.37499505001782,0.0,0.0,0.0,0.0,0.0,0.0,0.0,0.0,0.0,0.0,0.0,0.0,0.0,11.5740255,181.603347,240.2509382,0.0,1.399994960018144,0.0,0.0,7.518680572509766,13.693611145019531,0.740637,0.740637,0.740637,0.0,0.0249999100003239,0.0,0.0,0.0,0.0,8.265584,47.83617149999999,49.49392709999999,0.0,0.174999370002268,0.0,0.0,0.0,0.0,6.763477,6.763477,6.763477,0.0,0.0249999100003239,0.0,0.0,0.0,0.0,0.241942,13.265193999999982,5252.906541399992,0.0,1.324995230017172,0.0,0.0,0.0,0.0,0.0,0.0,0.0,0.0,0.0,0.0,0.0,0.0,0.0,0.0,0.0,0.0,0.0,0.0,0.0,0.0,0.0,0.0,0.0,0.0,0.0,0.0,0.0,0.0,0.0,66.11328125,66.11328125,0.0,0.0,0.0,0.0,0.0,0.0,0.0,0.0,0.0,2026-09-15T06:41:52.792987+00:00,2026-09-15T06:42:32.793131+00:00
kafkaQueueProblems,14.95855,30.3205783,32.04103486,0.0,0.1749988887570564,0.0037088149042608,0.0037088149042608,20.795040130615234,66.0143051147461,1.5296,4.632489999999999,8.640889999999981,0.0,0.874994443785282,0.0,0.0,60.6171875,60.6171875,0.0,0.0,0.0,0.0,0.0,0.0,0.0,0.0,0.0,2.4573425,10.238652549999996,12.932904110000004,0.0,0.2999980950120967,0.0,0.0,0.0,0.0,0.0,0.0,0.0,0.0,0.0,0.0,0.0,0.0,0.0,11.144561,78.52484239999994,290.9448692799991,0.0236686390532544,4.224973171420362,0.0,0.0,0.0,0.0,11.34,90.16639999999998,4632.736579999989,0.0228310502283105,5.474965233970765,0.0,0.0,0.0,0.0,0.0,0.0,2.509999999999998,0.0,1.2499920625504028,0.0,0.0,0.0,0.0,0.0,0.0,0.0,0.0,0.0,0.0373125,0.074625,42.59765625,42.59765625,12.6531155,69.65952624999996,154.41512130000012,0.0,2.099986665084677,0.0,0.0,7.370243072509766,13.365486145019531,2.079894,2.079894,2.079894,0.0,0.024999841251008,0.0,0.0,0.0,0.0,21.7236555,124.80979529999992,164.65070146000005,0.0,0.2999980950120967,0.0,0.0,0.0,0.0,11.968237,11.968237,11.968237,0.0,0.024999841251008,0.0,0.0,0.0,0.0,0.252563,14.817598149999984,5705.978561859997,0.0,1.2499920625504028,0.0,0.0,0.0,0.0,0.0,0.0,0.0,0.0,0.0,0.0,0.0,0.0,0.0,0.0,0.0,0.0,0.0,0.0,0.0067083692838654,0.0067083692838654,42.88327503204346,197.09146118164065,0.0,0.0,0.0,0.0,0.0,0.0,0.0,63.015625,63.015625,0.0,0.0,0.0,0.0,0.0,0.0030687441920774,0.0030687441920774,16.362950325012207,67.42346954345703,2026-09-15T06:43:00.467643+00:00,2026-09-15T06:43:40.467897+00:00
imageSlowLoad,81.7590115,143.77088125,149.28304745,0.0,0.0499995750036124,0.0147694446254425,0.0147694446254425,21.213479042053223,66.0143051147461,1.2846,9.216219999999996,11.146923999999997,0.0,0.324997237523481,0.0,0.0,62.87890625,62.87890625,0.0,0.0,0.0,0.0,0.0,0.0,0.0,0.0,0.0,6.472712,6.472712,6.472712,0.0,0.0249997875018062,0.0,0.0,0.0,0.0,0.0,0.0,0.0,0.0,0.0,0.0,0.0,0.0,0.0,15.3539935,818.2115938499999,7180.933966399995,0.0,1.4499876751047616,0.0,0.0,0.0,0.0,25.52,10004.6444,11394.849800000004,0.0136986301369863,1.824984487631855,0.0,0.0,0.0,0.0,0.0,0.0,0.0,0.0,0.4749959625343184,0.0,0.0,0.0,0.0,0.0,0.0,0.0,0.0,0.0,0.0,0.0,47.16796875,47.16796875,115.113265,661.2662635999995,746.0034338400001,0.0,0.9249921375668306,0.0,0.0,7.413211822509766,13.326423645019531,0.0,0.0,0.0,0.0,0.0,0.0,0.0,0.0,0.0,111.920198,395.1726285499999,426.5181121099999,0.0,0.0999991500072249,0.002125,0.002125,49.86328125,49.86328125,0.0,0.0,0.0,0.0,0.0,0.0,0.0,0.0,0.0,0.195847,5.588369599999998,19.41675689000005,0.0,0.9499919250686368,0.0,0.0,0.0,0.0,0.0,0.0,0.0,0.0,0.0,0.0,0.0,0.0,0.0,0.0,0.0,0.0,0.0,0.0,0.0057538648601702,0.0057538648601702,44.02892971038818,197.09146118164065,0.0,0.0,0.0,0.0,0.0,0.0,0.0,62.50390625,62.50390625,0.0,0.0,0.0,0.0,0.0,0.0061482978122488,0.0061482978122488,17.25706958770752,67.46668243408203,2026-09-15T06:44:07.947107+00:00,2026-09-15T06:44:47.947447+00:00
imageSlowLoad,12.67968,22.7159634,23.60807748,0.0,0.0749992725070566,0.003576142023926,0.003576142023926,21.591856956481934,66.0143051147461,1.7249,3360.9797799999883,5595.353628,0.0,0.7249929675682145,0.0,0.0,0.0,0.0,0.0,0.0,0.0,0.0,0.0,0.0,0.0,0.0,0.0,1.4982815,1.96837265,2.01015853,0.0,0.0499995150047044,0.0,0.0,0.0,0.0,0.0,0.0,0.0,0.0,0.0,0.0,0.0,0.0,0.0,9.6779175,448.3709774999979,4527.280449050055,0.0,1.9499810851834736,0.0,0.0,0.0,0.0,12.766,10007.688,12191.40979999988,0.0,2.2749779327140525,0.0,0.0,0.0,0.0,0.0,0.0,0.0,0.0,0.4249958775399878,0.0,0.0,0.0,0.0,0.0,0.0,0.0,0.0,0.0,0.05575,0.108625,47.41796875,47.41796875,9.232301,923.3677907999992,1015.29095948,0.0,1.12498908760585,0.0,0.0,0.0,0.0,0.0,0.0,0.0,0.0,0.0,0.0,0.0,0.0,0.0,60.931056,380.5286603999999,418.4990968799999,0.0,0.0999990300094089,0.001875,0.001875,49.87109375,49.87109375,0.0,0.0,0.0,0.0,0.0,0.0,0.0,0.0,0.0,0.265523,1.2726334499999996,19734.71264336008,0.0,0.9499907850893846,0.0,0.0,0.0,0.0,0.0,0.0,0.0,0.0,0.0,0.0,0.0,0.0,0.0,0.0,0.0,0.0,0.0,0.0,0.004441610880884,0.004441610880884,45.15811538696289,197.09146118164065,0.0,0.0,0.0,0.0,0.0,0.0,0.0,62.62890625,62.62890625,0.0,0.0,0.0,0.0,0.0,0.0027008059885587,0.0027008059885587,17.894502639770508,67.49217224121094,2026-09-15T06:45:15.247102+00:00,2026-09-15T06:45:55.247490+00:00
imageSlowLoad,9.7267675,20.24741965,20.89535593,0.0,0.0999996275013875,0.0033227544782636,0.0033227544782636,21.834874153137207,66.0143051147461,1.6059,3.92344,4.744597999999999,0.0,0.5499979512576315,0.0,0.0,0.0,0.0,0.0,0.0,0.0,0.0,0.0,0.0,0.0,0.0,0.0,4.513625,4.513625,4.513625,0.0,0.0249999068753468,0.0,0.0,0.0,0.0,0.0,0.0,0.0,0.0,0.0,0.0,0.0,0.0,0.0,17.891382,93.19859,292.0330042,0.0,1.52499431939616,0.0,0.0,0.0,0.0,22.269,10000.31565,10004.81327,0.0,1.7499934812742823,0.0,0.0,0.0,0.0,0.0,0.0,0.0,0.0,0.3249987893795095,0.0,0.0,0.0,0.0,0.0,0.0,0.0,0.0,0.0,0.0586875,0.117375,47.79296875,47.79296875,16.522463,261.7776746,282.18624443999994,0.0,0.6249976718836723,0.0,0.0,0.0,0.0,0.0,0.0,0.0,0.0,0.0,0.0,0.0,0.0,0.0,20.365253,20.365253,20.365253,0.0,0.0249999068753468,0.001875,0.001875,49.8828125,49.8828125,0.0,0.0,0.0,0.0,0.0,0.0,0.0,0.0,0.0,0.265686,0.5083235999999998,0.56157934,0.0,0.8749967406371412,0.0,0.0,0.0,0.0,0.0,0.0,0.0,0.0,0.0,0.0,0.0,0.0,0.0,0.0,0.0,0.0,0.0,0.0,0.0044753217969482,0.0044753217969482,46.30618667602539,197.09146118164065,0.0,0.0,0.0,0.0,0.0,0.0,0.0,0.0,0.0,0.0,0.0,0.0,0.0,0.0,0.0028132392745252,0.0028132392745252,18.66443347930908,67.52161407470703,2026-09-15T06:46:22.782847+00:00,2026-09-15T06:47:02.782996+00:00
imageSlowLoad,0.0,0.0,0.0,0.0,0.0,0.0031572843059344,0.0031572843059344,22.12262344360352,66.0143051147461,1.27645,10.170339999999996,13.376638000000003,0.0,0.7499967937637066,0.0,0.0,0.0,0.0,0.0,0.0,0.0,0.0,0.0,0.0,0.0,0.0,0.0,1.801962,6.258419,6.434895,0.0,0.2749988243800257,0.0,0.0,0.0,0.0,0.0,0.0,0.0,0.0,0.0,0.0,0.0,0.0,0.0,10.6360925,52.92056319999997,14996.56824724,0.0,2.4999893125456887,0.0,0.0,0.0,0.0,15.0405,2237.14825,12766.856600000026,0.0166666666666666,2.9999871750548266,0.0,0.0,0.0,0.0,0.0,0.0,0.0,0.0,0.1999991450036551,0.0,0.0,0.0,0.0,0.0,0.0,0.0,0.0,0.0,0.02925,0.0585,47.29296875,47.29296875,4.736605,42.48563309999996,70.36430105000007,0.0,1.2999944425237582,0.0,0.0,0.0,0.0,0.0,0.0,0.0,0.0,0.0,0.0,0.0,0.0,0.0,8.870803,27.626673999999984,33.08435559999999,0.0,0.1749992518781982,0.002,0.002,49.83984375,49.83984375,0.0,0.0,0.0,0.0,0.0,0.0,0.0,0.0,0.0,0.268224,160.20052059999108,3211.51923811,0.0,0.9999957250182756,0.0,0.0,0.0,0.0,0.0,0.0,0.0,0.0,0.0,0.0,0.0,0.0,0.0,0.0,0.0,0.0,0.0,0.0,0.0044493164818158,0.0044493164818158,47.4625825881958,197.09146118164065,0.0,0.0,0.0,0.0,0.0,0.0,0.0,0.0,0.0,0.0,0.0,0.0,0.0,0.0,0.0027484325345701,0.0027484325345701,16.30837631225586,67.53468322753906,2026-09-15T06:47:30.517987+00:00,2026-09-15T06:48:10.518158+00:00
imageSlowLoad,108.388363,110.105725,110.2583794,0.0,0.0749993043814518,0.0,0.0,0.0,0.0,1.5047,8.538639999999997,9.570768,0.0,0.4249960581615605,0.0,0.0,60.86328125,60.86328125,0.0,0.0,0.0,0.0,0.0,0.0,0.0,0.0,0.0,25.457667,25.457667,25.457667,0.0,0.0249997681271506,0.0,0.0,0.0,0.0,0.0,0.0,0.0,0.0,0.0,0.0,0.0,0.0,0.0,11.9988365,123.08548694999998,5227.121182420033,0.0,1.7499837689005433,0.0,0.0,0.0,0.0,13.809,10007.2376,10935.117299999964,0.0120481927710843,2.074980754553501,0.0,0.0,0.0,0.0,0.0,0.0999999999999978,0.8200000000000003,0.0,0.4749955944158617,0.0,0.0,0.0,0.0,0.0,0.0,0.0,0.0,0.0,0.0,0.0,47.29296875,47.29296875,3.0936105,59.76520724999998,557.4656454900012,0.0,0.8499921163231211,0.0,0.0,7.553836822509766,13.732673645019531,0.0,0.0,0.0,0.0,0.0,0.0,0.0,0.0,0.0,6.197066,6.634853,6.6737674,0.0,0.0749993043814518,0.002,0.002,49.8125,49.8125,0.0,0.0,0.0,0.0,0.0,0.0,0.0,0.0,0.0,0.220876,0.60304475,3.009661349999996,0.0,1.1499893338489284,0.0,0.0,0.0,0.0,0.0,0.0,0.0,0.0,0.0,0.0,0.0,0.0,0.0,0.0,0.0,0.0,0.0,0.0,0.0,0.0,0.0,0.0,0.0,0.0,0.0,0.0,0.0,0.0,0.0,0.0,0.0,0.0,0.0,0.0,0.0,0.0,0.0,0.0,0.0,0.0,2026-09-15T06:48:38.162246+00:00,2026-09-15T06:49:18.162617+00:00
intlShippingSlowdown,13.93888,40.203339,41.701639,0.0,0.1499988187593022,0.0,0.0,0.0,0.0,1.90345,8.936195000000005,15.40067899999999,0.0,0.4999960625310075,0.0,0.0,60.1796875,60.1796875,0.0,0.0,0.0,0.0,0.0,0.0,0.0,0.0,0.0,1.6486075,3.561681249999997,4.537913050000001,0.0,0.2499980312655037,0.0,0.0,0.0,0.0,0.0,0.0,0.0,0.0,0.0,0.0,0.0,0.0,0.0,10.483404,633.0585259999992,1126.2892598,0.0254777070063694,3.924969090868409,0.0,0.0,0.0,0.0,10.069,823.6036499999958,3493.653050000013,0.0192307692307692,5.199959050322478,0.0,0.0,0.0,0.0,0.0,0.0,4.0,0.0,1.2749899594540692,0.0,0.0,0.0,0.0,0.0,0.0,0.0,0.0,0.0,0.0,0.0,0.0,0.0,187.635887,587.1803258,822.11148081,0.0,1.5999874000992242,0.0,0.0,7.393680572509766,13.381111145019531,0.713769,0.7443852,0.74710664,0.0,0.0499996062531007,0.0,0.0,0.0,0.0,239.579306,956.2451203999982,1575.3331824799989,0.0,0.3249974406451549,0.0,0.0,0.0,0.0,4.302216,4.3875747,4.39516214,0.0,0.0499996062531007,0.0,0.0,0.0,0.0,0.24765,2.078194449999998,6445.836463069991,0.0,1.5999874000992242,0.0,0.0,0.0,0.0,0.0,0.0,0.0,0.0,0.0,0.0,0.0,0.0,0.0,0.0,0.0,0.0,0.0,0.0,0.0,0.0,0.0,0.0,0.0,0.0,0.0,0.0,0.0,0.0,0.0,61.82421875,61.82421875,0.0,0.0,0.0,0.0,0.0,0.0,0.0,0.0,0.0,2026-09-15T06:49:45.415744+00:00,2026-09-15T06:50:25.416059+00:00
intlShippingSlowdown,37.243989,74.1921345,77.4764141,0.0,0.0749993662553551,0.0,0.0,0.0,0.0,1.2028,11.463304999999997,13.278579,0.0,0.549995352539271,0.0,0.0,61.359375,61.359375,0.0,0.0,0.0,0.0,0.0,0.0,0.0,0.0,0.0,2.906803,11.875342599999998,13.774387719999998,0.0,0.1999983100142804,0.0,0.0,0.0,0.0,0.0,0.0,0.0,0.0,0.0,0.0,0.0,0.0,0.0,12.3293595,141.64421114999868,1137.634887249999,0.0338983050847457,2.9499750727106355,0.0,0.0,0.0,0.0,11.1805,121.53759999999996,4616.258920000063,0.0328947368421052,3.799967890271328,0.0,0.0,0.0,0.0,0.0,0.0,1.9200000000000017,0.0,0.9249921838160468,0.0,0.0,0.0,0.0,0.0,0.0,0.0,0.0,0.0,0.0,0.0,0.0,0.0,10.902895,232.3777334,703.1932433999996,0.0,1.624986268866028,0.0,0.0,7.256961822509766,12.982673645019531,0.661981,0.661981,0.661981,0.0,0.024999788751785,0.0,0.0,0.0,0.0,10.592599,132.8163012,144.73450824,0.0,0.2249980987660654,0.0,0.0,0.0,0.0,4.568767,4.568767,4.568767,0.0,0.024999788751785,0.0,0.0,0.0,0.0,0.25202,1.6065672000000022,5051.936688159979,0.0,0.9749917613196168,0.0,0.0,0.0,0.0,0.0,0.0,0.0,0.0,0.0,0.0,0.0,0.0,0.0,0.0,0.0,0.0,0.0,0.0,0.0,0.0,0.0,0.0,0.0,0.0,0.0,0.0,0.0,0.0,0.0,61.89453125,61.89453125,0.0,0.0,0.0,0.0,0.0,0.0,0.0,0.0,0.0,2026-09-15T06:50:53.190608+00:00,2026-09-15T06:51:33.190946+00:00
intlShippingSlowdown,16.785889,118.79289319999997,156.35251783999996,0.0,0.2249988918804575,0.0041805306714444,0.0041805306714444,23.562644958496094,66.0143051147461,2.2068,46.17646499999999,98.08069699999994,0.0,0.5499972912633405,0.0,0.0,62.578125,62.578125,0.0,0.0,0.0,0.0,0.0,0.0,0.0,0.0,0.0,2.086667,3.9114396,4.20838152,0.0,0.1249993843780319,0.0,0.0,0.0,0.0,0.0,0.0,0.0,0.0,0.0,0.0,0.0,0.0,0.0,12.286108,102.60121149999996,187.14834117999985,0.0416666666666666,3.59998227008732,0.0,0.0,0.0,0.0,10.222,100.05839999999992,6350.670919999994,0.0355329949238578,4.924975744494458,0.0,0.0,0.0,0.0,0.0,0.0,0.4600000000000008,0.0,1.3749932281583512,0.0,0.0,0.0,0.0,0.0,0.0,0.0,0.0,0.0,0.028125,0.05625,47.66796875,47.66796875,7.998654,69.374734,136.5003158,0.0,2.024990026924117,0.0,0.0,7.374149322509766,13.279548645019531,0.547018,0.6566443000000001,0.66638886,0.0,0.0499997537512127,0.0,0.0,0.0,0.0,8.341905,44.6707235,62.59133670000002,0.0,0.2749986456316702,0.0,0.0,0.0,0.0,3.5806975,3.63035635,3.63477047,0.0,0.0499997537512127,0.0,0.0,0.0,0.0,0.27657,10.472973799999986,6660.790022799998,0.0,1.424992981909564,0.0,0.0,0.0,0.0,0.0,0.0,0.0,0.0,0.0,0.0,0.0,0.0,0.0,0.0,0.0,0.0,0.0,0.0,0.0034381139489194,0.0034381139489194,39.24104595184326,203.2591323852539,0.0,0.0,0.0,0.0,0.0,0.0,0.0,61.77734375,61.77734375,0.0,0.0,0.0,0.0,0.0,0.0028232274623034,0.0028232274623034,17.624672889709473,67.60719299316406,2026-09-15T06:52:00.877460+00:00,2026-09-15T06:52:40.877657+00:00
intlShippingSlowdown,69.81954,91.2780906,93.18551732,0.0,0.0499997337514177,0.0038663412316132,0.0038663412316132,23.81995391845703,66.0143051147461,1.5654,11.028979999999866,55.85603600000002,0.0,0.4749974706384688,0.0,0.0,64.04296875,64.04296875,0.0,0.0,0.0,0.0,0.0,0.0,0.0,0.0,0.0,1.311618,2.1761793,2.33605426,0.0,0.1999989350056711,0.0,0.0,0.0,0.0,0.0,0.0,0.0,0.0,0.0,0.0,0.0,0.0,0.0,8.518965,74.5313319,85.69749035999999,0.0181818181818181,2.749985356327977,0.0,0.0,0.0,0.0,9.717,80.75619999999998,6229.750960000059,0.0201342281879194,3.724980164480624,0.0,0.0,0.0,0.0,0.0,0.0,0.6000000000000014,0.0,1.0249945419040642,0.0,0.0,0.0,0.0,0.0,0.0,0.0,0.0,0.0,0.0,0.0,43.15625,43.15625,9.372128,51.389602,64.88442425,0.0,1.8999898825538752,0.0,0.0,7.311649322509766,13.185798645019531,0.456301,0.456301,0.456301,0.0,0.0249998668757088,0.0,0.0,0.0,0.0,13.36247,26.09666484999999,31.657381770000008,0.0,0.2999984025085066,0.002375,0.002375,49.546875,49.546875,4.346478,4.346478,4.346478,0.0,0.0249998668757088,0.0,0.0,0.0,0.0,0.238716,31.56014125,6403.508035499984,0.0,1.1499938762826087,0.0,0.0,0.0,0.0,0.0,0.0,0.0,0.0,0.0,0.0,0.0,0.0,0.0,0.0,0.0,0.0,0.0,0.0,0.0053378860242474,0.0053378860242474,38.53881359100342,203.52625274658203,0.0,0.0,0.0,0.0,0.0,0.0,0.0,61.78125,61.78125,0.0,0.0,0.0,0.0,0.0,0.003193027119156,0.003193027119156,18.51385307312012,67.61455535888672,2026-09-15T06:53:08.150992+00:00,2026-09-15T06:53:48.151205+00:00
intlShippingSlowdown,16.712823,35.06616189999999,36.91780677999999,0.0,0.0999988425133979,0.005296795657503,0.005296795657503,24.10960578918457,66.0143051147461,2.91605,21.49965,31.118729999999992,0.0,0.3999953700535916,0.0,0.0,0.0,0.0,0.0,0.0,0.0,0.0,0.0,0.0,0.0,0.0,0.0,2.26902,5.4688405,6.1592561,0.0,0.2749968169118442,0.0,0.0,0.0,0.0,0.0,0.0,0.0,0.0,0.0,0.0,0.0,0.0,0.0,13.000938,592.7165680999991,13415.770922079992,0.0347826086956521,2.8749667222601896,0.0,0.0,0.0,0.0,11.531,489.6297999999994,5997.582920000008,0.0344827586206896,3.624958041110674,0.0,0.0,0.0,0.0,0.0,0.0,0.6400000000000006,0.0,0.9249892932489304,0.0,0.0,0.0,0.0,0.0,0.0,0.0,0.0,0.0,0.0493125,0.064125,50.23046875,50.23046875,16.0073025,661.3959135999996,1557.8573881199984,0.0,1.6999803227277643,0.0,0.0,0.0,0.0,0.609222,0.609222,0.609222,0.0,0.0249997106283494,0.0,0.0,0.0,0.0,14.91945,279.83860099999987,414.5001642,0.0,0.2249973956551452,0.00225,0.00225,49.52734375,49.52734375,39.199585,39.199585,39.199585,0.0,0.0249997106283494,0.0,0.0,0.0,0.0,0.2438215,6.0826255,5964.789706749991,0.0,1.1499866889040755,0.0,0.0,0.0,0.0,0.0,0.0,0.0,0.0,0.0,0.0,0.0,0.0,0.0,0.0,0.0,0.0,0.0,0.0,0.0039404553415061,0.0039404553415061,39.69742393493652,203.52625274658203,0.0,0.0,0.0,0.0,0.0,0.0,0.0,61.546875,61.546875,0.0,0.0,0.0,0.0,0.0,0.0030879744201835,0.0030879744201835,19.276734352111816,67.63471984863281,2026-09-15T06:54:15.888330+00:00,2026-09-15T06:54:55.888793+00:00
productCatalogFailure,10.440135,51.16245629999998,58.77761525999998,0.0,0.2799949152923383,0.00714858219786409,0.00714858219786409,24.872495651245117,66.0143051147461,1.9681,18.398,69.45624000000005,0.0,0.8399847458770149,0.0,0.0,59.84765625,59.84765625,0.0,0.0,0.0,0.0,0.0,0.0,0.0,0.0,0.0,2.3527395,2.8185537999999997,2.87652196,0.0,0.15999709445276472,0.0,0.0,0.0,0.0,0.0,0.0,0.0,0.0,0.0,0.0,0.0,0.0,0.0,8.659159,69.71762719999997,105.39813490999998,0.038461538461538464,4.159924455771883,0.0,0.0,0.0,0.0,7.3835,73.67530000000004,143.53054000000057,0.02531645569620253,6.319885230884207,0.0,0.0,0.0,0.0,0.0,0.0,25.400000000000148,0.0,2.239959322338706,0.0,0.0,0.0,0.0,0.0,0.0,0.0,0.0,0.0,0.0233125,0.046625,49.4765625,49.4765625,5.290371,34.769384699999996,37.183981159999995,0.0,1.8799658598199855,0.0,0.0,0.0,0.0,28.5471255,53.61354255,55.84166851,0.0,0.07999854722638236,0.0,0.0,0.0,0.0,9.149384,11.55348275,11.97474455,0.0,0.23999564167914708,0.0,0.0,0.0,0.0,85.8769915,157.18050085,163.51859057,0.0,0.07999854722638236,0.0,0.0,0.0,0.0,0.2314315,4.3984195,3800.68596575,0.0,1.0399811139429707,0.0,0.0,0.0,0.0,0.0,0.0,0.0,0.0,0.0,0.0,0.0,0.0,0.0,0.0,0.0,0.0,0.0,0.0,0.0041103677467313835,0.0041103677467313835,39.96288204193115,213.19676208496094,0.0,0.0,0.0,0.0,0.0,0.0,0.0,63.2734375,63.2734375,0.0,0.0,0.0,0.0,0.0,0.004000787040073457,0.004000787040073457,17.48123264312744,67.82477569580078,2026-09-15T07:14:14.141168+00:00,2026-09-15T07:14:39.141622+00:00
productCatalogFailure,27.1709755,55.74791879999999,59.730755759999994,0.0,0.15999645447856875,0.004562820652767165,0.004562820652767165,25.178482055664062,66.0143051147461,1.4798,5.1117,5.973460000000001,0.0,0.43999024981606405,0.0,0.0,62.03515625,62.03515625,0.0,0.0,0.0,0.0,0.0,0.0,0.0,0.0,0.0,1.465669,1.9647082,2.00906724,0.0,0.11999734085892656,0.0,0.0,0.0,0.0,0.0,0.0,0.0,0.0,0.0,0.0,0.0,0.0,0.0,8.6808155,52.31678599999992,157.96208324999995,0.0392156862745098,4.079909589203503,0.0,0.0,0.0,0.0,8.6445,61.95225,1630.4154000000124,0.029411764705882353,5.439879452271337,0.0,0.0,0.0,0.0,0.0,0.0,0.6700000000000017,0.0,1.3599698630678343,0.0,0.0,0.0,0.0,0.0,0.0,0.0,0.0,0.0,0.0,0.0,0.0,0.0,2.5276,20.70952839999999,75.21680880000017,0.0,1.7999601128838985,0.0,0.0,7.549930572509766,13.631111145019531,0.966957,0.966957,0.966957,0.0,0.03999911361964219,0.0,0.0,0.0,0.0,4.711662,23.19026329999999,26.285487859999993,0.0,0.2799937953374953,0.0,0.0,0.0,0.0,6.465016,6.465016,6.465016,0.0,0.03999911361964219,0.0,0.0,0.0,0.0,0.252066,1554.3677134499967,4711.992357700001,0.0,1.1199751813499812,0.0,0.0,0.0,0.0,0.0,0.0,0.0,0.0,0.0,0.0,0.0,0.0,0.0,0.0,0.0,0.0,0.0,0.0,0.0,0.0,0.0,0.0,0.0,0.0,0.0,0.0,0.0,0.0,0.0,63.203125,63.203125,0.0,0.0,0.0,0.0,0.0,0.0,0.0,0.0,0.0,2026-09-15T07:15:07.520709+00:00,2026-09-15T07:15:32.521263+00:00
productCatalogFailure,17.669744,34.716026799999995,35.64384776,0.0,0.1999963840653761,0.0,0.0,0.0,0.0,1.1939,3.265639999999999,4.072168,0.0,0.359993491317677,0.0,0.0,63.0546875,63.0546875,0.0,0.0,0.0,0.0,0.0,0.0,0.0,0.0,0.0,2.600184,5.496896099999999,5.886608819999999,0.0,0.27999493769152656,0.0,0.0,0.0,0.0,0.0,0.0,0.0,0.0,0.0,0.0,0.0,0.0,0.0,8.715332,57.78161109999997,109.28749808000005,0.029850746268656716,2.67995154647604,0.0,0.0,0.0,0.0,8.339,91.80154999999992,123.48146,0.015151515151515152,5.279904539325929,0.0,0.0,0.0,0.0,0.0,0.0,0.0,0.0,1.4799732420837832,0.0,0.0,0.0,0.0,0.0,0.0,0.0,0.0,0.0,0.0,0.0,0.0,0.0,8.213731,32.40823714999999,51.111119510000044,0.0,1.3599754116445575,0.0,0.0,7.542118072509766,13.552986145019531,3.413184,5.8734636,6.09215512,0.0,0.07999855362615044,0.0,0.0,0.0,0.0,7.284634,15.692584599999998,16.90932412,0.0,0.1999963840653761,0.0,0.0,0.0,0.0,25.689496,25.689496,25.689496,0.0,0.03999927681307522,0.0,0.0,0.0,0.0,0.2796555,0.9346623499999998,2753.267238450007,0.0,1.3599754116445575,0.0,0.0,0.0,0.0,0.0,0.0,0.0,0.0,0.0,0.0,0.0,0.0,0.0,0.0,0.0,0.0,0.0,0.0,0.0,0.0,0.0,0.0,0.0,0.0,0.0,0.0,0.0,0.0,0.0,0.0,0.0,0.0,0.0,0.0,0.0,0.0,0.0,0.0,0.0,0.0,2026-09-15T07:15:50.883748+00:00,2026-09-15T07:16:15.884200+00:00
productCatalogFailure,12.581234,12.581234,12.581234,0.0,0.03999983520067897,0.0,0.0,0.0,0.0,2.1338,11.28055,22.260429999999992,0.0,0.6399973632108635,0.0,0.0,0.0,0.0,0.0,0.0,0.0,0.0,0.0,0.0,0.0,0.0,0.0,10.484147,18.507845,19.2210626,0.0,0.07999967040135794,0.0,0.0,0.0,0.0,0.0,0.0,0.0,0.0,0.0,0.0,0.0,0.0,0.0,12.04748,155.6818595,2551.9649097500833,0.0,3.4399858272583916,0.0,0.0,0.0,0.0,13.629,185.75959999999995,3153.812299999952,0.010101010101010102,3.9599836848672183,0.0,0.0,0.0,0.0,0.0,0.0,0.0,0.0,0.6399973632108635,0.0,0.0,0.0,0.0,0.0,0.0,0.0,0.0,0.0,0.027562499999999997,0.036125,48.6015625,48.6015625,5.55863,66.84344744999999,73.57680189,0.0,1.599993408027159,0.0,0.0,0.0,0.0,0.0,0.0,0.0,0.0,0.0,0.0,0.0,0.0,0.0,9.3040495,38.43268875,44.92247935000001,0.0,0.23999901120407385,0.0022500000000000003,0.0022500000000000003,49.265625,49.265625,0.0,0.0,0.0,0.0,0.0,0.0,0.0,0.0,0.0,0.252877,2477.457856099996,2876.5509918000002,0.0,0.9199962096156165,0.0,0.0,0.0,0.0,0.0,0.0,0.0,0.0,0.0,0.0,0.0,0.0,0.0,0.0,0.0,0.0,0.0,0.0,0.0,0.0,0.0,0.0,0.0,0.0,0.0,0.0,0.0,0.0,0.0,0.0,0.0,0.0,0.0,0.0,0.0,0.0,0.0030814003252589233,0.0030814003252589233,16.494067192077637,67.84494018554688,2026-09-15T07:16:33.659154+00:00,2026-09-15T07:16:58.659257+00:00
productCatalogFailure,21.262175,23.327621899999997,23.51121718,0.0,0.07999826563760098,0.003665098936485742,0.003665098936485742,20.120347023010254,66.0143051147461,0.9526,6.44914,6.682548,0.0,0.5999869922820074,0.0,0.0,0.0,0.0,0.0,0.0,0.0,0.0,0.0,0.0,0.0,0.0,0.0,1.929427,9.167514699999993,11.194065339999996,0.0,0.2799939297316034,0.0,0.0,0.0,0.0,0.0,0.0,0.0,0.0,0.0,0.0,0.0,0.0,0.0,8.298919,41.48817699999997,365.91229195994055,0.020202020202020204,3.9599141490612486,0.0,0.0,0.0,0.0,7.9225,47.846849999999954,3534.6361699999966,0.022727272727272728,5.279885532081664,0.0,0.0,0.0,0.0,0.0,0.0,0.0,0.0,1.3599705158392166,0.0,0.0,0.0,0.0,0.0,0.0,0.0,0.0,0.0,0.0,0.0,48.7265625,48.7265625,4.027341,25.8758648,30.895918079999994,0.0,1.719962711208421,0.0,0.0,0.0,0.0,0.476619,0.476619,0.476619,0.0,0.03999913281880049,0.0,0.0,0.0,0.0,5.14159,6.9893365,7.0868217,0.0,0.23999479691280293,0.0,0.0,0.0,0.0,12.506967,12.506967,12.506967,0.0,0.03999913281880049,0.0,0.0,0.0,0.0,0.243434,1264.7897375,3549.096691599999,0.0,1.2399731173828152,0.0,0.0,0.0,0.0,0.0,0.0,0.0,0.0,0.0,0.0,0.0,0.0,0.0,0.0,0.0,0.0,0.0,0.0,0.0032208166465365626,0.0032208166465365626,40.18504810333252,216.5736846923828,0.0,0.0,0.0,0.0,0.0,0.0,0.0,63.03515625,63.03515625,0.0,0.0,0.0,0.0,0.0,0.0027147401908801695,0.0027147401908801695,17.375202178955078,67.8548355102539,2026-09-15T07:17:16.683065+00:00,2026-09-15T07:17:41.683607+00:00
emailMemoryLeak,15.73639,26.542276099999995,29.211537619999994,0.0,0.27999764801975663,0.0032376337400030018,0.0032376337400030018,20.45010280609131,66.0143051147461,1.1929,4.822775,4.945515,0.0,0.7999932800564475,0.0,0.0,62.796875,62.796875,0.0,0.0,0.0,0.0,0.0,0.0,0.0,0.0,0.0,1.422942,1.9339296000000001,1.97935072,0.0,0.11999899200846713,0.0,0.0,0.0,0.0,0.0,0.0,0.0,0.0,0.0,0.0,0.0,0.0,0.0,7.701557,46.77580639999994,106.54622598000002,0.04878048780487805,4.9199586723471525,0.0,0.0,0.0,0.0,6.998,55.0385,1246.3117000000425,0.03508771929824561,6.839942544482627,0.0,0.0,0.0,0.0,0.0,0.0,0.0,0.0,1.8399845441298295,0.0,0.0,0.0,0.0,0.0,0.0,0.0,0.0,0.0,0.0,0.0,0.0,0.0,3.809619,40.70700035,96.85637027,0.0,1.7599852161241847,0.0,0.0,7.588993072509766,13.677986145019531,2.465067,2.465067,2.465067,0.0,0.03999966400282238,0.0,0.0,0.0,0.0,8.420045,11.4813726,11.66653132,0.0,0.19999832001411189,0.0,0.0,0.0,0.0,11.199316,11.199316,11.199316,0.0,0.03999966400282238,0.0,0.0,0.0,0.0,0.2154125,2121.156362649989,3934.68421695,0.0,1.1999899200846713,0.0,0.0,0.0,0.0,0.0,0.0,0.0,0.0,0.0,0.0,0.0,0.0,0.0,0.0,0.0,0.0,0.0,0.0,0.003965617028573879,0.003965617028573879,41.33055400848389,216.5736846923828,0.0,0.0,0.0,0.0,0.0,0.0,0.0,62.70703125,62.70703125,0.0,0.0,0.0,0.0,0.0,0.0026135389888603255,0.0026135389888603255,18.128604888916016,67.8616714477539,2026-09-15T07:18:09.702234+00:00,2026-09-15T07:18:34.702444+00:00
emailMemoryLeak,9.0216095,16.231347449999998,16.656053489999998,0.0,0.15999706245393336,0.0,0.0,0.0,0.0,1.3804,4.141,5.111640000000001,0.0,0.8399845778831501,0.0,0.0,62.1953125,62.1953125,0.0,0.0,0.0,0.0,0.0,0.0,0.0,0.0,0.0,1.737437,5.213848549999997,6.579326509999999,0.0,0.3199941249078667,0.0,0.0,0.0,0.0,0.0,0.0,0.0,0.0,0.0,0.0,0.0,0.0,0.0,8.266206,48.2155385,70.39412400000005,0.0,4.43991848309665,0.0,0.0,0.0,0.0,8.243,55.02559999999997,752.5836400000205,0.011299435028248588,7.079870013586551,0.0,0.0,0.0,0.0,0.0,0.6499999999999986,1.0,0.0,1.1199794371775333,0.0,0.0,0.0,0.0,0.0,0.0,0.0,0.0,0.0,0.0,0.0,0.0,0.0,3.350492,30.671813,30.9957874,0.0,1.6399698901528168,0.0,0.0,7.526493072509766,13.584236145019531,3.708157,3.708157,3.708157,0.0,0.03999926561348334,0.0,0.0,0.0,0.0,5.863272,17.5314436,18.25493272,0.0,0.27999485929438334,0.0,0.0,0.0,0.0,29.93649,29.93649,29.93649,0.0,0.03999926561348334,0.0,0.0,0.0,0.0,6.133708,1249.1102235,2828.8913265999995,0.0,1.2399772340179835,0.0,0.0,0.0,0.0,0.0,0.0,0.0,0.0,0.0,0.0,0.0,0.0,0.0,0.0,0.0,0.0,0.0,0.0,0.0,0.0,0.0,0.0,0.0,0.0,0.0,0.0,0.0,0.0,0.0,0.0,0.0,0.0,0.0,0.0,0.0,0.0,0.0,0.0,0.0,0.0,2026-09-15T07:18:52.872542+00:00,2026-09-15T07:19:17.873001+00:00
emailMemoryLeak,8.646888,12.4693873,13.224223059999998,0.0,0.31999697922851605,0.0,0.0,0.0,0.0,1.2037,3.6782,3.85188,0.0,0.5599947136499032,0.0,0.0,0.0,0.0,0.0,0.0,0.0,0.0,0.0,0.0,0.0,0.0,0.0,2.3424965,3.5021193,3.58909026,0.0,0.15999848961425803,0.0,0.0,0.0,0.0,0.0,0.0,0.0,0.0,0.0,0.0,0.0,0.0,0.0,8.701022,50.62560475,78.08227375,0.031746031746031744,5.039952422849128,0.0,0.0,0.0,0.0,8.398,56.505799999999994,1333.489120000044,0.022598870056497175,7.079933165430918,0.0,0.0,0.0,0.0,0.0,0.0,1.019999999999996,0.0,1.9999811201782254,0.0,0.0,0.0,0.0,0.0,0.0,0.0,0.0,0.0,0.031375,0.041125,48.8515625,48.8515625,4.2459195,28.717743499999987,49.370179360000066,0.0,2.0799803649853543,0.0,0.0,0.0,0.0,12.5285435,23.33220425,24.29252965,0.0,0.07999924480712901,0.0,0.0,0.0,0.0,5.4843045,11.480527849999998,12.250871969999999,0.0,0.31999697922851605,0.0022500000000000003,0.0022500000000000003,49.2421875,49.2421875,18.1319805,28.91821995,29.87699679,0.0,0.07999924480712901,0.0,0.0,0.0,0.0,0.2681045,19.351004549999995,3687.031682200007,0.0,1.2799879169140642,0.0,0.0,0.0,0.0,0.0,0.0,0.0,0.0,0.0,0.0,0.0,0.0,0.0,0.0,0.0,0.0,0.0,0.0,0.0,0.0,0.0,0.0,0.0,0.0,0.0,0.0,0.0,0.0,0.0,0.0,0.0,0.0,0.0,0.0,0.0,0.0,0.0,0.0,0.0,0.0,2026-09-15T07:19:35.524112+00:00,2026-09-15T07:20:00.524348+00:00
emailMemoryLeak,0.0,0.0,0.0,0.0,0.0,0.0030418412711918485,0.0030418412711918485,21.104681968688965,66.0143051147461,1.58115,15.121624999999906,60.72344499999989,0.0,0.719992252883359,0.0,0.0,0.0,0.0,0.0,0.0,0.0,0.0,0.0,0.0,0.0,0.0,0.0,5.954504,5.954504,5.954504,0.0,0.03999956960463105,0.0,0.0,0.0,0.0,0.0,0.0,0.0,0.0,0.0,0.0,0.0,0.0,0.0,12.0143675,70.83882154999996,105.24176658,0.0,2.319975037068601,0.0,0.0,0.0,0.0,15.567,81.08964999999993,984.5590300000064,0.0,2.7999698723241737,0.0,0.0,0.0,0.0,0.0,0.0,0.0,0.0,0.3999956960463106,0.0,0.0,0.0,0.0,0.0,0.0,0.0,0.0,0.0,0.0,0.0,49.1015625,49.1015625,6.516207,39.88128209999995,46.337704199999976,0.0,1.6799819233945044,0.0,0.0,0.0,0.0,0.0,0.0,0.0,0.0,0.0,0.0,0.0,0.0,0.0,6.7137735,26.16379675,29.85279935,0.0,0.23999741762778634,0.0,0.0,0.0,0.0,0.0,0.0,0.0,0.0,0.0,0.0,0.0,0.0,0.0,0.2636365,15.173265699999984,2064.4488061800025,0.0,1.1999870881389316,0.0,0.0,0.0,0.0,0.0,0.0,0.0,0.0,0.0,0.0,0.0,0.0,0.0,0.0,0.0,0.0,0.0,0.0,0.003319360810264485,0.003319360810264485,41.72759437561035,218.2499542236328,0.0,0.0,0.0,0.0,0.0,0.0,0.0,0.0,0.0,0.0,0.0,0.0,0.0,0.0,0.003850736107565314,0.003850736107565314,16.385536193847656,67.87155151367188,2026-09-15T07:20:18.600149+00:00,2026-09-15T07:20:43.600418+00:00
emailMemoryLeak,20.080157,41.690563700000006,43.61148873999999,0.0,0.11999909280685839,0.0,0.0,0.0,0.0,1.1563,9.3125,29.821780000000018,0.0,0.8399936496480087,0.0,0.0,61.40625,61.40625,0.0,0.0,0.0,0.0,0.0,0.0,0.0,0.0,0.0,2.361364,4.0448508,4.13697336,0.0,0.2799978832160029,0.0,0.0,0.0,0.0,0.0,0.0,0.0,0.0,0.0,0.0,0.0,0.0,0.0,7.61335,44.12263659999995,70.21947155999997,0.017699115044247787,4.519965829058332,0.0,0.0,0.0,0.0,7.56,49.312,1472.7861500000283,0.0136986301369863,5.839955849933775,0.0,0.0,0.0,0.0,0.0,0.0,0.0,0.0,1.3199900208754423,0.0,0.0,0.0,0.0,0.0,0.0,0.0,0.0,0.0,0.0,0.0,0.0,0.0,2.535654,28.45633989999997,34.30671900000001,0.0,2.3599821585348817,0.0,0.0,7.393680572509766,13.318611145019531,0.543166,0.543166,0.543166,0.0,0.03999969760228613,0.0,0.0,0.0,0.0,6.631296,20.12739525,20.33539745,0.0,0.31999758081828905,0.0,0.0,0.0,0.0,8.020457,8.020457,8.020457,0.0,0.03999969760228613,0.0,0.0,0.0,0.0,0.244089,21.513664199999994,3479.4205458800034,0.0,1.7999863921028758,0.0,0.0,0.0,0.0,0.0,0.0,0.0,0.0,0.0,0.0,0.0,0.0,0.0,0.0,0.0,0.0,0.0,0.0,0.0,0.0,0.0,0.0,0.0,0.0,0.0,0.0,0.0,0.0,0.0,62.125,62.125,0.0,0.0,0.0,0.0,0.0,0.0,0.0,0.0,0.0,2026-09-15T07:21:01.214002+00:00,2026-09-15T07:21:26.214191+00:00
