label,window_start,window_end,ad_p50_ms,ad_p95_ms,ad_p99_ms,ad_error_rate,ad_throughput_rps,ad_cpu_avg,ad_cpu_max,ad_mem_avg_mb,ad_mem_max_mb,cart_p50_ms,cart_p95_ms,cart_p99_ms,cart_error_rate,cart_throughput_rps,cart_cpu_avg,cart_cpu_max,cart_mem_avg_mb,cart_mem_max_mb,checkout_p50_ms,checkout_p95_ms,checkout_p99_ms,checkout_error_rate,checkout_throughput_rps,checkout_cpu_avg,checkout_cpu_max,checkout_mem_avg_mb,checkout_mem_max_mb,currency_p50_ms,currency_p95_ms,currency_p99_ms,currency_error_rate,currency_throughput_rps,currency_cpu_avg,currency_cpu_max,currency_mem_avg_mb,currency_mem_max_mb,email_p50_ms,email_p95_ms,email_p99_ms,email_error_rate,email_throughput_rps,email_cpu_avg,email_cpu_max,email_mem_avg_mb,email_mem_max_mb,frontend_p50_ms,frontend_p95_ms,frontend_p99_ms,frontend_error_rate,frontend_throughput_rps,frontend_cpu_avg,frontend_cpu_max,frontend_mem_avg_mb,frontend_mem_max_mb,frontend_proxy_p50_ms,frontend_proxy_p95_ms,frontend_proxy_p99_ms,frontend_proxy_error_rate,frontend_proxy_throughput_rps,frontend_proxy_cpu_avg,frontend_proxy_cpu_max,frontend_proxy_mem_avg_mb,frontend_proxy_mem_max_mb,image_provider_p50_ms,image_provider_p95_ms,image_provider_p99_ms,image_provider_error_rate,image_provider_throughput_rps,image_provider_cpu_avg,image_provider_cpu_max,image_provider_mem_avg_mb,image_provider_mem_max_mb,payment_p50_ms,payment_p95_ms,payment_p99_ms,payment_error_rate,payment_throughput_rps,payment_cpu_avg,payment_cpu_max,payment_mem_avg_mb,payment_mem_max_mb,product_catalog_p50_ms,product_catalog_p95_ms,product_catalog_p99_ms,product_catalog_error_rate,product_catalog_throughput_rps,product_catalog_cpu_avg,product_catalog_cpu_max,product_catalog_mem_avg_mb,product_catalog_mem_max_mb,quote_p50_ms,quote_p95_ms,quote_p99_ms,quote_error_rate,quote_throughput_rps,quote_cpu_avg,quote_cpu_max,quote_mem_avg_mb,quote_mem_max_mb,recommendation_p50_ms,recommendation_p95_ms,recommendation_p99_ms,recommendation_error_rate,recommendation_throughput_rps,recommendation_cpu_avg,recommendation_cpu_max,recommendation_mem_avg_mb,recommendation_mem_max_mb,shipping_p50_ms,shipping_p95_ms,shipping_p99_ms,shipping_error_rate,shipping_throughput_rps,shipping_cpu_avg,shipping_cpu_max,shipping_mem_avg_mb,shipping_mem_max_mb,flagd_p50_ms,flagd_p95_ms,flagd_p99_ms,flagd_error_rate,flagd_throughput_rps,flagd_cpu_avg,flagd_cpu_max,flagd_mem_avg_mb,flagd_mem_max_mb,flagd_ui_p50_ms,flagd_ui_p95_ms,flagd_ui_p99_ms,flagd_ui_error_rate,flagd_ui_throughput_rps,flagd_ui_cpu_avg,flagd_ui_cpu_max,flagd_ui_mem_avg_mb,flagd_ui_mem_max_mb,kafka_p50_ms,kafka_p95_ms,kafka_p99_ms,kafka_error_rate,kafka_throughput_rps,kafka_cpu_avg,kafka_cpu_max,kafka_mem_avg_mb,kafka_mem_max_mb,accounting_p50_ms,accounting_p95_ms,accounting_p99_ms,accounting_error_rate,accounting_throughput_rps,accounting_cpu_avg,accounting_cpu_max,accounting_mem_avg_mb,accounting_mem_max_mb,fraud_detection_p50_ms,fraud_detection_p95_ms,fraud_detection_p99_ms,fraud_detection_error_rate,fraud_detection_throughput_rps,fraud_detection_cpu_avg,fraud_detection_cpu_max,fraud_detection_mem_avg_mb,fraud_detection_mem_max_mb
baseline,2026-09-15T05:45:23.017824+00:00,2026-09-15T05:46:03.018393+00:00,29.2245035,131.46111174999996,153.37211275,0.0,0.19999715504046955,0.01073353226740302,0.01073353226740302,18.06991672515869,61.09296417236328,1.853,31.521025,43.45496999999998,0.0,0.899987197682113,41.388609,0.0,69.85546875,69.85546875,1219.4486455,1220.29306915,1220.3681290299999,0.0,0.04999928876011739,0.0,0.0,7.397586822509766,13.795173645019531,2.242968,4.776118199999999,5.791018039999999,0.0,0.22499679942052825,0.0,0.0,0.0,0.0,19.997859,21.2261655,21.3353483,0.0,0.04999928876011739,0.0,0.0,0.0,0.0,13.3580425,197.64688499999966,1360.1031097400146,0.02631578947368421,3.7999459457689215,0.0,0.0,3.5037642258864183,31.245689392089844,15.827,316.9047,2621.3273400000007,0.020512820512820513,4.874930654111445,0.0,0.0,0.0,0.0,0.0,0.0,1.0,0.0,1.0999843527225825,0.0,0.0,0.0,0.0,3.9230765,6.89264765,7.15660953,0.0,0.04999928876011739,0.0,0.0,74.6171875,74.6171875,4.780063,44.79659175,62.82414925,0.0,1.8999729728844608,0.0,0.0,7.366336822509766,13.263923645019531,0.582152,3.1947278,3.42695676,0.0,0.07499893314017608,0.0,0.0,0.0,0.0,7.080142,18.663584399999998,20.11920968,0.0,0.22499679942052825,0.0,0.0,0.0,0.0,11.460592,42.7300012,47.806649039999996,0.0,0.12499822190029347,0.0,0.0,0.0,0.0,0.3161135,21.2009436,29.783655689999996,0.0,1.4499793740434044,0.0,0.0,0.0,0.0,0.0,0.0,0.0,0.0,0.0,0.0,0.0,0.0,0.0,0.0,0.0,0.0,0.0,0.0,0.007753487958766551,0.007753487958766551,40.77545738220215,204.03402709960938,0.0,0.0,0.0,0.0,0.0,48.4756645,0.0,106.84765625,106.84765625,50.278264,90.6713017,94.26179394,0.0,0.04999928876011739,0.02360085416852033,0.02360085416852033,19.58968734741211,69.92208862304688
baseline,2026-09-15T05:46:11.499453+00:00,2026-09-15T05:46:51.499622+00:00,117.977744,343.6025291999998,393.0199466399999,0.0,0.17499926062812385,0.0,0.0,0.0,0.0,2.1786,29.944194999999954,55.30908600000003,0.0,0.849996408765173,0.0,0.0,0.0,0.0,0.0,0.0,0.0,0.0,0.0,0.0,0.0,0.0,0.0,8.0644715,19.58404185,20.24153397,0.0,0.09999957750178505,0.0,0.0,0.0,0.0,0.0,0.0,0.0,0.0,0.0,0.0,0.0,0.0,0.0,15.048569,174.9831689,15000.440226319999,0.04081632653061224,3.6749844731906007,0.0,0.0,3.7084197998046875,33.55768585205078,18.518,296.001,15000.41695,0.05102040816326531,4.899979297587468,0.0,0.0,0.0,0.0,0.0,0.0,0.0,0.0,1.324994401898652,0.0,0.0,0.0,0.0,0.0,0.0,0.0,0.0,0.0,0.0,0.0,0.0,0.0,4.3071,52.76504400000001,68.47456023999997,0.0,1.9249918669093624,0.0,0.0,7.596805572509766,13.756111145019531,56.4816845,107.03242055,111.52581931,0.0,0.049999788750892525,0.0,0.0,0.0,0.0,7.4764795,14.710716849999997,15.67328017,0.0,0.24999894375446263,0.005,0.005,51.1015625,51.1015625,131.1338455,137.76882684999998,138.35860297,0.0,0.049999788750892525,0.0,0.0,0.0,0.0,0.279785,20.64475569999997,41.57184939000002,0.0,0.949995986266958,0.0,0.0,0.0,0.0,0.0,0.0,0.0,0.0,0.0,0.0,0.0,0.0,0.0,0.0,0.0,0.0,0.0,0.0,0.008084317813296271,0.008084317813296271,40.07270622253418,206.3255844116211,0.0,0.0,0.0,0.0,0.0,50.4189095,0.0,110.4765625,110.4765625,0.0,0.0,0.0,0.0,0.0,0.0,0.0,0.0,0.0
baseline,2026-09-15T05:47:17.398229+00:00,2026-09-15T05:47:57.398465+00:00,32.1966975,217.673595,256.99674780000004,0.0,0.14999911500522148,0.0,0.0,0.0,0.0,5.0842,2387.0003199999915,9925.119423999999,0.0,0.42499749251479413,43.894201,0.0,74.37890625,74.37890625,0.0,0.0,0.0,0.0,0.0,0.0,0.0,0.0,0.0,8.21811,29.749793949999997,32.09954119,0.0,0.09999941000348098,0.0,0.0,0.0,0.0,0.0,0.0,0.0,0.0,0.0,0.0,0.0,0.0,0.0,15.149619,116.08403885000001,399.4523229100019,0.05063291139240506,3.9499766951374986,0.0,0.0,3.956928546612079,36.3958740234375,19.296,180.08505,5521.652480000021,0.04326923076923077,5.199969320181011,0.0,0.0,0.0,0.0,0.0,0.0,0.5,0.0,1.2749924775443824,0.0,0.0,0.0,0.0,0.0,0.0,0.0,0.0,0.0,0.0,0.0,74.61328125,74.61328125,3.70412,50.39169,78.47025769999995,0.0,1.7749895275617873,0.0,0.0,7.428836822509766,13.420173645019531,0.491186,0.491186,0.491186,0.0,0.024999852500870244,0.0,0.0,0.0,0.0,12.8244505,26.631854049999987,31.58276521,0.0,0.24999852500870245,0.0,0.0,0.0,0.0,7.928338,7.928338,7.928338,0.0,0.024999852500870244,0.0,0.0,0.0,0.0,0.4208135,61.44359634999992,149.54659741999996,0.0,0.9999941000348098,0.0,0.0,0.0,0.0,0.0,0.0,0.0,0.0,0.0,0.0,0.0,0.0,0.0,0.0,0.0,0.0,0.0,0.0,0.012329525439082079,0.012329525439082079,40.961063385009766,206.3255844116211,0.0,0.0,0.0,0.0,0.0,50.8367195,0.0,110.046875,110.046875,0.0,0.0,0.0,0.0,0.0,0.0,0.0,0.0,0.0
baseline,2026-09-15T05:48:04.775230+00:00,2026-09-15T05:48:44.775348+00:00,28.7166295,114.58180659999988,154.85387332000002,0.0,0.2499992625021756,0.0,0.0,0.0,0.0,3.61905,20.170135000000013,104.67794600000005,0.0,1.0999967550095726,0.0,0.0,0.0,0.0,0.0,0.0,0.0,0.0,0.0,0.0,0.0,0.0,0.0,1.935866,16.58414459999999,23.49733372,0.0,0.22499933625195806,0.0,0.0,0.0,0.0,0.0,0.0,0.0,0.0,0.0,0.0,0.0,0.0,0.0,14.563433,154.09197974999995,332.99791675000034,0.05357142857142857,5.599983480048734,0.0,0.0,3.8117552537184496,34.94822692871094,15.027,212.32659999999888,5005.967240000003,0.04844290657439446,7.224978686312875,0.0,0.0,0.0,0.0,0.0,0.0,5.599999999999994,0.0,1.6249952062641415,0.0,0.0,0.0,0.0,0.0,0.0,0.0,0.0,0.0,0.0,0.0,0.0,0.0,5.448295,89.71704210000001,112.40953086000003,0.0,2.174993583768928,0.0,0.0,0.0,0.0,0.606432,0.684417,0.691349,0.0,0.07499977875065268,0.0,0.0,0.0,0.0,8.108055,68.7792245,84.51017450000002,0.0,0.27499918875239315,0.002625,0.002625,51.16796875,51.16796875,100.401856,147.3611335,151.5352915,0.0,0.07499977875065268,0.0,0.0,0.0,0.0,0.363721,3.3238449499999985,5.997935999999998,0.0,1.3499960175117482,0.0,0.0,0.0,0.0,0.0,0.0,0.0,0.0,0.0,0.0,0.0,0.0,0.0,0.0,0.0,0.0,0.0,0.0,0.0,0.0,0.0,0.0,0.0,0.0,0.0,0.0,0.0,0.0,0.0,0.0,0.0,0.0,0.0,0.0,0.0,0.0,0.0,0.0,0.0,0.0
baseline,2026-09-15T05:48:52.037871+00:00,2026-09-15T05:49:32.037959+00:00,80.864641,209.98629199999993,233.58394639999995,0.0,0.17499961500084701,0.02147819205065072,0.02147819205065072,16.688156127929688,61.18242645263672,1.7572,18.60278999999999,46.981698000000044,0.0,0.574998735002783,44.3369335,0.0,74.3515625,74.3515625,0.0,0.0,0.0,0.0,0.0,0.0,0.0,0.0,0.0,1.47533,5.908812799999999,6.47093056,0.0,0.12499972500060501,0.0,0.0,0.0,0.0,0.0,0.0,0.0,0.0,0.0,0.0,0.0,0.0,0.0,11.160409,110.61074590000001,2878.0103158600086,0.04790419161676647,4.174990815020207,0.0,0.0,0.0,0.0,11.862,137.7037999999999,5805.948519999995,0.04285714285714286,5.24998845002541,0.0,0.0,0.0,0.0,0.0,0.0,0.5700000000000003,0.0,1.099997580005324,0.0,0.0,0.0,0.0,0.0,0.0,0.0,0.0,0.0,0.0489375,0.0955,74.61328125,74.61328125,4.912058,55.345078399999984,88.09953303999986,0.0,1.4249968650068972,0.0,0.0,0.0,0.0,0.7941815,0.95517485,0.96948537,0.0,0.049999890000242,0.0,0.0,0.0,0.0,15.578542,37.4111264,38.34444608,0.0,0.17499961500084701,0.0,0.0,0.0,0.0,27.122947,40.786873899999996,42.00144518,0.0,0.049999890000242,0.0,0.0,0.0,0.0,0.2922345,21.25331085,46.77388284000004,0.0,1.199997360005808,0.0,0.0,0.0,0.0,0.0,0.0,0.0,0.0,0.0,0.0,0.0,0.0,0.0,0.0,0.0,0.0,0.0,0.0,0.0,0.0,0.0,0.0,0.0,0.0,0.0,0.0,0.0,0.0,0.0,0.0,0.0,0.0,0.0,0.0,0.0,0.0,0.012306349552694742,0.012306349552694742,21.11323070526123,69.94612884521484
baseline,2026-09-15T05:49:39.213669+00:00,2026-09-15T05:50:19.214016+00:00,34.129822,311.8278772999998,392.74121065999987,0.0,0.17499848188816963,0.00843461984978795,0.00843461984978795,16.99482822418213,61.186073303222656,1.9553,20.194919999999982,32.281919999999985,0.0,0.7249937106795599,44.786012,0.0,73.71484375,73.71484375,0.0,0.0,0.0,0.0,0.0,0.0,0.0,0.0,0.0,1.608095,26.365377799999997,27.37442756,0.0,0.24999783126881375,0.0,0.0,0.0,0.0,0.0,0.0,0.0,0.0,0.0,0.0,0.0,0.0,0.0,13.6227265,113.36653579999998,15001.196997770001,0.044444444444444446,4.499960962838648,0.0,0.0,3.857538076547476,34.862510681152344,16.254,191.18539999999982,10849.00796000002,0.04897959183673469,6.124946866085937,0.0,0.0,0.0,0.0,0.0,0.0,3.799999999999997,0.0,1.6249859032472893,0.0,0.0,0.0,0.0,237.600852,237.600852,237.600852,0.0,0.024999783126881375,0.0409375,0.046125,75.11328125,75.11328125,5.703412,53.23949684999995,4823.27756979,0.0,2.4999783126881376,0.0,0.0,7.213993072509766,12.990486145019531,0.6680135,0.7921914499999999,0.80322949,0.0,0.04999956625376275,0.0,0.0,0.0,0.0,11.080963,24.903946549999993,36.650254109999985,0.0,0.34999696377633926,0.0,0.0,0.0,0.0,24.249645,42.607537199999996,44.239349839999996,0.0,0.04999956625376275,0.0,0.0,0.0,0.0,0.269367,8.746178,239983.82252239913,0.01639344262295082,1.524986770739764,0.0,0.0,0.0,0.0,0.0,0.0,0.0,0.0,0.0,0.0,0.0,0.0,0.0,0.0,0.0,0.0,0.0,0.0,0.007563246451736435,0.007563246451736435,40.129034996032715,209.71749877929688,0.0,0.0,0.0,0.0,0.0,51.663679,0.0,109.8671875,109.8671875,0.0,0.0,0.0,0.0,0.0,0.0186967084266184,0.0186967084266184,21.61724281311035,69.95942687988281
baseline,2026-09-15T05:50:26.726839+00:00,2026-09-15T05:51:06.726987+00:00,119.006158,151.0620925,153.9115089,0.0,0.0499998150006845,0.011596566329188467,0.011596566329188467,17.312283515930176,61.194679260253906,2.0626,18.945039999999985,2548.25791400001,0.0,0.9499964850130054,44.94139,0.0,73.5546875,73.5546875,0.0,0.0,0.0,0.0,0.0,0.0,0.0,0.0,0.0,3.1296075,5.3205937,5.397781139999999,0.0,0.29999889000410696,0.0,0.0,0.0,0.0,0.0,0.0,0.0,0.0,0.0,0.0,0.0,0.0,0.0,15.03163,138.8624284000001,7311.084925319849,0.013071895424836602,3.8249858475523637,0.0,0.0,3.9785279494065504,36.590599060058594,17.167,183.51485,6214.104019999954,0.02127659574468085,4.6999826100643425,0.0,0.0,0.0,0.0,0.0,0.0,0.0,0.0,0.9249965775126632,0.0,0.0,0.0,0.0,0.0,0.0,0.0,0.0,0.0,0.0355625,0.04,75.63671875,75.63671875,4.347258,47.306602299999845,112.63280707999978,0.0,2.0749923225284066,0.0,0.0,7.503055572509766,13.568611145019531,0.0,0.0,0.0,0.0,0.0,0.0,0.0,0.0,0.0,11.280808,25.4936075,25.8293663,0.0,0.2749989825037647,0.025,0.025,51.125,51.125,0.0,0.0,0.0,0.0,0.0,0.0,0.0,0.0,0.0,0.265034,2.6274494499999985,6.790481140000005,0.0,1.1999955600164278,0.0,0.0,0.0,0.0,0.0,0.0,0.0,0.0,0.0,0.0,0.0,0.0,0.0,0.0,0.0,0.0,0.0,0.0,0.00834375355234739,0.00834375355234739,39.01212692260742,209.71749877929688,0.0,0.0,0.0,0.0,0.0,52.0297275,0.0,109.1171875,109.1171875,0.0,0.0,0.0,0.0,0.0,0.017105054486961646,0.017105054486961646,18.123849868774414,69.96705627441406
baseline,2026-09-15T05:51:13.935609+00:00,2026-09-15T05:51:53.935720+00:00,10.563115,69.42828679999998,90.41970696,0.0,0.22499937562673267,0.0,0.0,0.0,0.0,2.3449,15.060584999999989,24.100586000000007,0.0,0.7499979187557755,45.459562,0.0,73.59765625,73.59765625,0.0,0.0,0.0,0.0,0.0,0.0,0.0,0.0,0.0,2.945983,12.871865599999976,20.496751519999986,0.0,0.3249990981275027,0.0,0.0,0.0,0.0,0.0,0.0,0.0,0.0,0.0,0.0,0.0,0.0,0.0,14.376824,86.16629059999998,7114.186947949983,0.05194805194805195,3.8499893162796477,0.0,0.0,3.831422659067007,34.639793395996094,13.601,88.91239999999998,6735.783480000033,0.04878048780487805,5.124985778164466,0.0,0.0,0.0,0.0,0.0,0.0,2.3000000000000043,0.0,1.3749961843855885,0.0,0.0,0.0,0.0,0.0,0.0,0.0,0.0,0.0,0.0,0.0,0.0,0.0,6.762237,43.666115200000014,9100.543734079807,0.0,1.9249946581398238,0.0,0.0,7.503055572509766,13.568611145019531,0.7126455,1.0368286500000001,1.0656449300000002,0.0,0.04999986125038503,0.0,0.0,0.0,0.0,10.95146,18.1779223,18.606029260000003,0.0,0.24999930625192518,0.002625,0.002625,51.125,51.125,16.890809,18.8187215,18.9900915,0.0,0.04999986125038503,0.0,0.0,0.0,0.0,0.254005,14.284103599999968,26.90456464000002,0.0,1.1249968781336632,0.0,0.0,0.0,0.0,0.0,0.0,0.0,0.0,0.0,0.0,0.0,0.0,0.0,0.0,0.0,0.0,0.0,0.0,0.004421887252766403,0.004421887252766403,39.892788887023926,209.71749877929688,0.0,0.0,0.0,0.0,0.0,52.2989115,0.0,109.046875,109.046875,0.0,0.0,0.0,0.0,0.0,0.0,0.0,0.0,0.0
baseline,2026-09-15T05:52:01.178907+00:00,2026-09-15T05:52:41.179144+00:00,72.708962,251.435827,270.580451,0.0,0.14999911125526583,0.01332129645939757,0.01332129645939757,17.694905281066895,61.213706970214844,1.31895,11.570775,25.8708,0.0,0.6499961487728185,0.0,0.0,0.0,0.0,0.0,0.0,0.0,0.0,0.0,0.0,0.0,0.0,0.0,2.709553,9.485055999999998,10.801563199999999,0.0,0.22499866688289874,0.0,0.0,0.0,0.0,0.0,0.0,0.0,0.0,0.0,0.0,0.0,0.0,0.0,13.842161,230.8599715,4823.489196200166,0.04678362573099415,4.274974670775076,0.0,0.0,0.0,0.0,14.616,286.7508,5977.845479999998,0.043668122270742356,5.724966079575979,0.0,0.0,0.0,0.0,0.0,0.0,2.819999999999993,0.0,1.4999911125526582,0.0,0.0,0.0,0.0,0.0,0.0,0.0,0.0,0.0,0.0,0.0,0.0,0.0,5.076359,52.4997245999998,167.16425964000004,0.0,1.8249891869390675,0.0,0.0,0.0,0.0,0.533819,0.6715199,0.6837599799999999,0.0,0.049999703751755276,0.0,0.0,0.0,0.0,9.672211,21.20870975,21.65298035,0.0,0.24999851875877635,0.002,0.002,51.125,51.125,29.9523345,46.72242555,48.21310031,0.0,0.049999703751755276,0.0,0.0,0.0,0.0,0.325673,3.021700999999997,7.900208999999975,0.0,1.2249927419180042,0.0,0.0,0.0,0.0,0.0,0.0,0.0,0.0,0.0,0.0,0.0,0.0,0.0,0.0,0.0,0.0,0.0,0.0,0.0,0.0,0.0,0.0,0.0,0.0,0.0,0.0,0.0,0.0,0.0,0.0,0.0,0.0,0.0,0.0,0.0,0.0,0.0,0.0,0.0,0.0
baseline,2026-09-15T05:52:48.408239+00:00,2026-09-15T05:53:28.408575+00:00,82.702243,212.46432019999997,213.51844963999997,0.0,0.12499895000881993,0.01398157721590375,0.01398157721590375,18.04341411590576,61.42577362060547,2.5271,44.56322,44.848404,0.0,0.42499643002998777,45.757833500000004,0.0,74.26171875,74.26171875,0.0,0.0,0.0,0.0,0.0,0.0,0.0,0.0,0.0,3.838052,15.130117299999998,15.28743226,0.0,0.1749985300123479,0.0,0.0,0.0,0.0,0.0,0.0,0.0,0.0,0.0,0.0,0.0,0.0,0.0,12.099852,332.71804,9291.86184879992,0.028368794326241134,3.524970390248722,0.0,0.0,0.0,0.0,17.249,443.64080000000024,9012.69256000001,0.03468208092485549,4.32496367030517,0.0,0.0,0.0,0.0,0.0,0.0,0.6799999999999997,0.0,0.8249930700582115,0.0,0.0,0.0,0.0,0.0,0.0,0.0,0.0,0.0,0.008383928571428572,0.009428571428571429,75.63671875,75.63671875,11.86162,55.995449549999954,9435.067831979977,0.0,1.3499886600952553,0.0,0.0,0.0,0.0,0.0,0.0,0.0,0.0,0.0,0.0,0.0,0.0,0.0,8.133668,24.42844999999999,27.10382599999999,0.0,0.1749985300123479,0.0,0.0,0.0,0.0,0.0,0.0,0.0,0.0,0.0,0.0,0.0,0.0,0.0,0.333924,17.202824399999983,25.379183260000012,0.0,1.2999890800917273,0.0,0.0,0.0,0.0,0.0,0.0,0.0,0.0,0.0,0.0,0.0,0.0,0.0,0.0,0.0,0.0,0.0,0.0,0.0,0.0,0.0,0.0,0.0,0.0,0.0,0.0,0.0,0.0,0.0,0.0,0.0,0.0,0.0,0.0,0.0,0.0,0.010169963778211201,0.010169963778211201,18.752605438232422,69.97422790527344
adFailure,2026-09-15T05:53:47.887304+00:00,2026-09-15T05:54:27.887580+00:00,107.4605495,1578.4375255,1945.1234619000004,0.0,0.14999896500714147,0.01589904463139883,0.01589904463139883,18.40482234954834,61.459083557128906,2.2512,31.676379999999853,1456.0100600000012,0.0,0.924993617544039,47.026984,0.0,74.609375,74.609375,0.0,0.0,0.0,0.0,0.0,0.0,0.0,0.0,0.0,4.088397,26.58435129999999,30.062824660000004,0.0,0.24999827501190242,0.0,0.0,0.0,0.0,0.0,0.0,0.0,0.0,0.0,0.0,0.0,0.0,0.0,15.04154,152.23532839999888,14970.56772176,0.04145077720207254,4.8249667077297165,0.0,0.0,0.0,0.0,16.517,202.49,9138.547999999779,0.0421455938697318,6.524954977810653,0.0,0.0,0.0,0.0,0.0,0.0,1.9599999999999795,0.0,1.7249880975821268,0.0,0.0,0.0,0.0,0.0,0.0,0.0,0.0,0.0,0.01178125,0.01321875,75.51171875,75.51171875,6.415721,44.09333589999996,148.13763728,0.0,2.449983095116644,0.0,0.0,7.385868072509766,13.365486145019531,0.622883,0.6475816999999999,0.64977714,0.0,0.04999965500238048,0.0,0.0,0.0,0.0,13.0721565,33.536038399999995,38.11765647999999,0.0,0.3499975850166634,0.0,0.0,0.0,0.0,10.436236,13.4948203,13.76669446,0.0,0.04999965500238048,0.0,0.0,0.0,0.0,0.2806115,13.931234900000005,163.62459926000008,0.0,1.0999924100523706,0.0,0.0,0.0,0.0,0.0,0.0,0.0,0.0,0.0,0.0,0.0,0.0,0.0,0.0,0.0,0.0,0.0,0.0,0.0,0.0,0.0,0.0,0.0,0.0,0.0,0.0,0.0,53.6942835,0.0,108.9609375,108.9609375,0.0,0.0,0.0,0.0,0.0,0.020973945859641484,0.020973945859641484,19.257840156555176,69.98802185058594
adFailure,2026-09-15T05:54:59.091391+00:00,2026-09-15T05:55:39.091654+00:00,640.263333,6872.4271031499975,7683.639131829998,0.0,0.09999934250432305,0.017035107535557044,0.017035107535557044,18.831103324890137,61.50727844238281,3.12535,35.55212999999998,43.388856,0.0,0.8499944112867459,0.0,0.0,0.0,0.0,0.0,0.0,0.0,0.0,0.0,0.0,0.0,0.0,0.0,3.5256525,19.990009549999996,20.76919631,0.0,0.2999980275129691,0.0,0.0,0.0,0.0,0.0,0.0,0.0,0.0,0.0,0.0,0.0,0.0,0.0,12.6800955,110.36337789999968,7635.834447229958,0.025,3.9999737001729216,0.0,0.0,0.0,0.0,13.741,147.2385,6096.617799999959,0.02912621359223301,5.149966138972637,0.0,0.0,0.0,0.0,0.0,0.0,1.0600000000000023,0.0,1.1999921100518764,0.0,0.0,0.0,0.0,0.0,0.0,0.0,0.0,0.0,0.0,0.0,0.0,0.0,6.490142,56.75422189999991,18057.945077919907,0.0,1.97498701446038,0.0,0.0,0.0,0.0,0.471727,0.471727,0.471727,0.0,0.02499983562608076,0.0,0.0,0.0,0.0,11.242727,25.6327955,29.329464700000003,0.0,0.27499819188688834,0.0,0.0,0.0,0.0,12.614629,12.614629,12.614629,0.0,0.02499983562608076,0.0,0.0,0.0,0.0,0.4382005,38.611447699999964,372.8345098699975,0.0,1.4999901375648457,0.0,0.0,0.0,0.0,0.0,0.0,0.0,0.0,0.0,0.0,0.0,0.0,0.0,0.0,0.0,0.0,0.0,0.0,0.0,0.0,0.0,0.0,0.0,0.0,0.0,0.0,0.0,0.0,0.0,0.0,0.0,0.0,0.0,0.0,0.0,0.0,0.0,0.0,0.0,0.0
adFailure,2026-09-15T05:56:06.916351+00:00,2026-09-15T05:56:46.916809+00:00,38.818905,41.3624508,41.58854376,0.0,0.07499914125983258,0.0,0.0,0.0,0.0,12.9827,55.4421399999999,74.598466,0.0,0.7499914125983257,0.0,0.0,0.0,0.0,0.0,0.0,0.0,0.0,0.0,0.0,0.0,0.0,0.0,1.8211025,13.075141649999985,21.952976330000013,0.0,0.2999965650393303,0.0,0.0,0.0,0.0,0.0,0.0,0.0,0.0,0.0,0.0,0.0,0.0,0.0,15.645984,143.06326274999995,14996.39429891,0.0,4.999942750655505,0.0,0.0,3.680537297175481,32.595672607421875,20.274,236.49099999999854,11255.78076000008,0.012875536480686695,5.824933304513663,0.0,0.0,0.0,0.0,0.0,0.0,1.3999999999999986,0.0,0.7749911263516033,0.0,0.0,0.0,0.0,0.0,0.0,0.0,0.0,0.0,0.0,0.0,0.0,0.0,12.739088,116.12287384999996,165.88358881999994,0.0,2.3499730928080873,0.0,0.0,0.0,0.0,0.0,0.0,0.0,0.0,0.0,0.0,0.0,0.0,0.0,7.553796,82.81826419999994,112.06513443999997,0.0,0.37499570629916285,0.001875,0.001875,51.2265625,51.2265625,0.0,0.0,0.0,0.0,0.0,0.0,0.0,0.0,0.0,0.261254,27.16504289999996,218.43582175999987,0.0,1.1749865464040437,0.0,0.0,0.0,0.0,0.0,0.0,0.0,0.0,0.0,0.0,0.0,0.0,0.0,0.0,0.0,0.0,0.0,0.0,0.0,0.0,0.0,0.0,0.0,0.0,0.0,0.0,0.0,0.0,0.0,0.0,0.0,0.0,0.0,0.0,0.0,0.0,0.0,0.0,0.0,0.0
adFailure,2026-09-15T05:57:14.164190+00:00,2026-09-15T05:57:54.164680+00:00,45.130482,200.60508339999987,245.6261030799999,0.0,0.17499785627626063,0.0,0.0,0.0,0.0,1.86765,89.90483499999993,5606.880002999994,0.0,0.5499932625825333,51.3994545,0.0,73.44140625,73.44140625,0.0,0.0,0.0,0.0,0.0,0.0,0.0,0.0,0.0,1.857781,3.8898793999999994,4.19497828,0.0,0.12499846876875759,0.0,0.0,0.0,0.0,0.0,0.0,0.0,0.0,0.0,0.0,0.0,0.0,0.0,16.2979765,88.6766147499999,2303.6638152300006,0.011494252873563218,4.349946713152764,0.0,0.0,3.6933540931114783,32.43309783935547,19.275,132.961,2685.713600000002,0.013574660633484163,5.524932319579086,0.0,0.0,0.0,0.0,0.0,0.0,0.0,0.0,1.1249862189188182,0.0,0.0,0.0,0.0,0.0,0.0,0.0,0.0,0.0,0.0,0.0,0.0,0.0,5.113208,46.15952199999999,87.97721623999988,0.0,1.4249825439638364,0.0,0.0,7.432743072509766,13.427986145019531,0.734193,0.734193,0.734193,0.0,0.024999693753751516,0.0,0.0,0.0,0.0,7.715052,10.3594294,10.53670588,0.0,0.17499785627626063,0.0,0.0,0.0,0.0,21.77393,21.77393,21.77393,0.0,0.024999693753751516,0.0,0.0,0.0,0.0,0.2465515,8.128179,23.287567299999942,0.0,1.1499859126725698,0.0,0.0,0.0,0.0,0.0,0.0,0.0,0.0,0.0,0.0,0.0,0.0,0.0,0.0,0.0,0.0,0.0,0.0,0.005425117619251289,0.005425117619251289,39.05090522766113,209.81018829345703,0.0,0.0,0.0,0.0,0.0,57.832495,0.0,108.265625,108.265625,0.0,0.0,0.0,0.0,0.0,0.0,0.0,0.0,0.0
adFailure,2026-09-15T05:58:22.783872+00:00,2026-09-15T05:59:02.784138+00:00,42.484244,1197.6383619999997,1403.2179308,0.0,0.12499916875552776,0.014685962786055464,0.014685962786055464,17.944377899169922,61.60779571533203,1.6866,30.974419999999956,43.402663999999994,0.0,0.8749941812886943,52.914803,0.0,73.375,73.375,0.0,0.0,0.0,0.0,0.0,0.0,0.0,0.0,0.0,2.932023,11.9041892,12.10090344,0.0,0.12499916875552776,0.0,0.0,0.0,0.0,0.0,0.0,0.0,0.0,0.0,0.0,0.0,0.0,0.0,15.012956,178.9960429,4180.022236330109,0.022222222222222223,4.499970075198999,0.0,0.0,3.800030048076923,33.87498474121094,17.667,188.12274999999977,6107.997730000037,0.02608695652173913,5.749961762754277,0.0,0.0,0.0,0.0,0.0,0.0,1.980000000000004,0.0,1.2999913550574889,0.0,0.0,0.0,0.0,0.0,0.0,0.0,0.0,0.0,0.0,0.0,75.26171875,75.26171875,6.145816,49.907520999999974,76.02945431999986,0.0,2.3249845388528163,0.0,0.0,7.549930572509766,13.662361145019531,21.153791,21.153791,21.153791,0.0,0.024999833751105552,0.0,0.0,0.0,0.0,7.047283,41.559761599999995,50.41448591999999,0.0,0.34999767251547775,0.022875,0.022875,51.296875,51.296875,46.967078,46.967078,46.967078,0.0,0.024999833751105552,0.0,0.0,0.0,0.0,0.208137,0.5434249499999999,0.9683131500000007,0.0,1.1999920200530665,0.0,0.0,0.0,0.0,0.0,0.0,0.0,0.0,0.0,0.0,0.0,0.0,0.0,0.0,0.0,0.0,0.0,0.0,0.01762307020099039,0.01762307020099039,39.803391456604004,209.81018829345703,0.0,0.0,0.0,0.0,0.0,58.365982,0.0,107.83203125,107.83203125,0.0,0.0,0.0,0.0,0.0,0.020493176921235336,0.020493176921235336,18.411104202270508,70.02210235595703
adHighCpu,2026-09-15T05:59:30.634022+00:00,2026-09-15T06:00:10.634419+00:00,114.658449,128.9536836,130.22437112,0.0,0.07499925563238785,0.08324003198903233,0.08324003198903233,18.4074125289917,61.639495849609375,4.99055,31.36645,38.61841,0.0,0.3999960300394019,54.534565,0.0,73.54296875,73.54296875,0.0,0.0,0.0,0.0,0.0,0.0,0.0,0.0,0.0,1.829874,7.009906999999997,8.351866999999997,0.0,0.17499826314223832,0.0,0.0,0.0,0.0,0.0,0.0,0.0,0.0,0.0,0.0,0.0,0.0,0.0,22.573779,276.1205835499999,15001.55734032,0.0,3.2999672478250655,0.0,0.0,3.7961320143479567,33.32188415527344,26.918,332.46275,14997.5103,0.019230769230769232,3.8999612928841683,0.0,0.0,0.0,0.0,0.0,0.0,0.0,0.0,0.649993548814028,0.0,0.0,0.0,0.0,0.0,0.0,0.0,0.0,0.0,0.008580357142857143,0.009517857142857142,74.01171875,74.01171875,9.436312,148.3187196999999,290.95591467999856,0.0,2.074979405829397,0.0,0.0,7.538211822509766,13.670173645019531,0.0,0.0,0.0,0.0,0.0,0.0,0.0,0.0,0.0,9.863621,139.88644754999999,184.1403887099999,0.0,0.34999652628447664,0.002875,0.002875,51.94921875,51.94921875,0.0,0.0,0.0,0.0,0.0,0.0,0.0,0.0,0.0,0.21446,2.276862399999983,65.91563971999956,0.0,1.2249878419956681,0.0,0.0,0.0,0.0,0.0,0.0,0.0,0.0,0.0,0.0,0.0,0.0,0.0,0.0,0.0,0.0,0.0,0.0,0.009256786826880286,0.009256786826880286,40.679490089416504,209.81018829345703,0.0,0.0,0.0,0.0,0.0,58.7842955,0.0,107.63671875,107.63671875,0.0,0.0,0.0,0.0,0.0,0.006184726218255137,0.006184726218255137,18.28993320465088,70.028564453125
adHighCpu,2026-09-15T06:00:43.190255+00:00,2026-09-15T06:01:23.190760+00:00,33.443013,110.642105,115.52950980000001,0.0,0.1499981062739083,0.1474949991952728,0.1474949991952728,18.746764183044434,61.64878845214844,3.1517,7.930799999999997,9.402186000000002,0.0,0.5749927407166485,55.1785285,0.0,73.29296875,73.29296875,0.0,0.0,0.0,0.0,0.0,0.0,0.0,0.0,0.0,2.235251,5.7414646,5.96754972,0.0,0.22499715941086246,0.0,0.0,0.0,0.0,0.0,0.0,0.0,0.0,0.0,0.0,0.0,0.0,0.0,15.586957,148.10377820000005,201.07157867999987,0.024539877300613498,4.074948553774509,0.0,0.0,0.0,0.0,19.526,189.86954999999983,2703.694329999998,0.02,4.999936875796943,0.0,0.0,0.0,0.0,0.0,0.0,0.0,0.0,0.9749876907804039,0.0,0.0,0.0,0.0,0.0,0.0,0.0,0.0,0.0,0.035875000000000004,0.03975,74.13671875,74.13671875,8.4573835,79.02189094999997,114.30975689999968,0.0,2.3499703316245633,0.0,0.0,7.358524322509766,13.217048645019531,2.854892,2.854892,2.854892,0.0,0.024999684378984716,0.0,0.0,0.0,0.0,11.771889,63.131682599999955,84.97786611999997,0.0,0.37499526568477076,0.0017499999999999998,0.0017499999999999998,52.015625,52.015625,16.295451,16.295451,16.295451,0.0,0.024999684378984716,0.0,0.0,0.0,0.0,0.291532,4.38662105,30.42325582999999,0.0,1.4499816939811137,0.0,0.0,0.0,0.0,0.0,0.0,0.0,0.0,0.0,0.0,0.0,0.0,0.0,0.0,0.0,0.0,0.0,0.0,0.018542506236806755,0.018542506236806755,39.4686393737793,209.6965560913086,0.0,0.0,0.0,0.0,0.0,59.091702999999995,0.0,107.63671875,107.63671875,0.0,0.0,0.0,0.0,0.0,0.01257656566597573,0.01257656566597573,19.171299934387207,70.03091430664062
adHighCpu,2026-09-15T06:01:51.093863+00:00,2026-09-15T06:02:31.093961+00:00,229.410199,622.0238554999997,719.9675806999998,0.0,0.17499957125105042,0.3164417878961016,0.3164417878961016,19.01911449432373,61.6561279296875,9.1066,97.81040499999992,109.392645,0.0,0.5999985300036015,55.9023485,0.0,73.31640625,73.31640625,0.0,0.0,0.0,0.0,0.0,0.0,0.0,0.0,0.0,2.1760795,32.72222344999999,37.00636708999999,0.0,0.09999975500060025,0.0,0.0,0.0,0.0,0.0,0.0,0.0,0.0,0.0,0.0,0.0,0.0,0.0,17.939292,203.98165220000013,645.1232803199975,0.05228758169934641,3.8249906287729596,0.0,0.0,0.0,0.0,24.7105,254.5782999999997,6103.561200000039,0.04326923076923077,5.199987260031213,0.0,0.0,0.0,0.0,0.0,0.0,0.0,0.0,1.4749963862588535,0.0,0.0,0.0,0.0,0.0,0.0,0.0,0.0,0.0,0.0,0.0,73.38671875,73.38671875,3.66624,52.184654199999976,107.56320083999977,0.0,1.4249965087585534,0.0,0.0,0.0,0.0,0.4127135,0.51526805,0.52438401,0.0,0.049999877500300126,0.0,0.0,0.0,0.0,12.281478,28.46215789999999,30.827805979999997,0.0,0.17499957125105042,0.002,0.002,51.953125,51.953125,32.7678325,54.57766885,56.516320969999995,0.0,0.049999877500300126,0.0,0.0,0.0,0.0,0.24121,7.504429300000002,46.46429271999984,0.0,0.9749976112558524,0.0,0.0,0.0,0.0,0.0,0.0,0.0,0.0,0.0,0.0,0.0,0.0,0.0,0.0,0.0,0.0,0.0,0.0,0.0,0.0,0.0,0.0,0.0,0.0,0.0,0.0,0.0,0.0,0.0,0.0,0.0,0.0,0.0,0.0,0.0,0.0,0.009494292511513194,0.009494292511513194,19.6739444732666,70.03510284423828
adHighCpu,2026-09-15T06:03:22.868788+00:00,2026-09-15T06:04:02.869061+00:00,34.424887,219.07171725,229.06361945,0.0,0.14999897625698705,0.2874540843099528,0.2874540843099528,17.394654273986816,61.683441162109375,1.5435,10.334679999999985,45.915167999999944,0.0,0.7249950519087707,56.298371,0.0,73.32421875,73.32421875,0.0,0.0,0.0,0.0,0.0,0.0,0.0,0.0,0.0,2.155066,8.353555399999998,9.290703879999999,0.0,0.12499914688082255,0.0,0.0,0.0,0.0,0.0,0.0,0.0,0.0,0.0,0.0,0.0,0.0,0.0,12.79908,120.41026839999961,274.67179528000077,0.04519774011299435,4.424969799581118,0.0,0.0,4.093267000638521,37.304901123046875,10.409,207.48099999999988,5047.721859999996,0.03643724696356275,6.174957855912633,0.0,0.0,0.0,0.0,0.0,0.0,3.4500000000000313,0.0,1.7999877150838446,0.0,0.0,0.0,0.0,0.0,0.0,0.0,0.0,0.0,0.033812499999999995,0.037375,71.6328125,71.6328125,4.3467085,55.02949449999994,159.22779127000007,0.0,2.0999856675978186,0.0,0.0,7.202274322509766,12.967048645019531,0.4445865,0.55337085,0.5630405700000001,0.0,0.049999658752329014,0.0,0.0,0.0,0.0,8.718637,59.6436795,82.39292230000001,0.0,0.2749981231378096,0.002375,0.002375,51.95703125,51.95703125,6.7443305,8.06740565,8.18501233,0.0,0.049999658752329014,0.0,0.0,0.0,0.0,0.1950645,0.81942125,1.8630547499999954,0.0,1.1499921513035674,0.0,0.0,0.0,0.0,0.0,0.0,0.0,0.0,0.0,0.0,0.0,0.0,0.0,0.0,0.0,0.0,0.0,0.0,0.031032171581769435,0.031032171581769435,42.64199733734131,222.7005157470703,0.0,0.0,0.0,0.0,0.0,60.1520285,0.0,107.63671875,107.63671875,0.0,0.0,0.0,0.0,0.0,0.008954833649258122,0.008954833649258122,19.738656997680664,70.08123016357422
adHighCpu,2026-09-15T06:04:30.435132+00:00,2026-09-15T06:05:10.435225+00:00,27.208578,59.91845959999999,66.96017832,0.0,0.22499947687621627,0.29766683122625515,0.29766683122625515,17.78766632080078,61.70082092285156,1.1352,5.255959999999999,9.29351599999999,0.0,0.6249985468783785,56.6050075,0.0,73.90234375,73.90234375,0.0,0.0,0.0,0.0,0.0,0.0,0.0,0.0,0.0,2.15767,15.855942399999996,18.97698528,0.0,0.22499947687621627,0.0,0.0,0.0,0.0,0.0,0.0,0.0,0.0,0.0,0.0,0.0,0.0,0.0,12.1581475,78.49754645,14994.849391790001,0.05319148936170213,4.6999890725254065,0.0,0.0,3.9971841665414662,36.129432678222656,12.0985,91.34075,10291.568550000164,0.04887218045112782,6.649984538785947,0.0,0.0,0.0,0.0,0.0,0.0,0.0,0.0,1.9749954081356762,0.0,0.0,0.0,0.0,0.0,0.0,0.0,0.0,0.0,0.0,0.0,70.6328125,70.6328125,6.8894585,29.098533449999998,67.32584908999998,0.0,1.9999953500108112,0.0,0.0,7.467899322509766,13.529548645019531,0.6325595,0.64642625,0.64765885,0.0,0.04999988375027028,0.0,0.0,0.0,0.0,9.713811,38.104592149999974,55.19058723000002,0.0,0.2999993025016217,0.002125,0.002125,51.96875,51.96875,20.07931,32.7938215,33.924000299999996,0.0,0.04999988375027028,0.0,0.0,0.0,0.0,0.2266335,11.58290925,52.94561024999981,0.0,1.1499973262562164,0.0,0.0,0.0,0.0,0.0,0.0,0.0,0.0,0.0,0.0,0.0,0.0,0.0,0.0,0.0,0.0,0.0,0.0,0.004196165350433604,0.004196165350433604,39.91678810119629,211.5845489501953,0.0,0.0,0.0,0.0,0.0,60.502079499999994,0.0,107.63671875,107.63671875,0.0,0.0,0.0,0.0,0.0,0.005772160590519923,0.005772160590519923,20.368560791015625,70.0857925415039
adManualGc,2026-09-15T06:05:38.386220+00:00,2026-09-15T06:06:18.386482+00:00,18631.204304,45689.6525432,51083.93763424,0.0,0.12499918125536277,0.13542826884802892,0.13542826884802892,16.070730209350586,61.50067138671875,1.9181,11.83709999999999,41.497171999999956,0.0,0.7249952512811041,56.790674499999994,0.0,73.36328125,73.36328125,0.0,0.0,0.0,0.0,0.0,0.0,0.0,0.0,0.0,2.3935115,6.2038309499999995,6.81637899,0.0,0.3499977075150158,0.0,0.0,0.0,0.0,0.0,0.0,0.0,0.0,0.0,0.0,0.0,0.0,0.0,12.141007,71.070179,15002.947716440001,0.009569377990430622,5.224965776474164,0.0,0.0,3.724057124211238,31.94823455810547,14.268,87.42159999999998,15001.9288,0.0311284046692607,6.4249579165256465,0.0,0.0,0.0,0.0,0.0,0.75,2.0,0.0,1.1499924675493376,0.0,0.0,0.0,0.0,0.0,0.0,0.0,0.0,0.0,0.03565625,0.0395625,71.0078125,71.0078125,4.825594,27.898126599999987,34.579447720000005,0.0,2.5749831338604734,0.0,0.0,7.620243072509766,13.802986145019531,0.563327,0.563327,0.563327,0.0,0.024999836251072556,0.0,0.0,0.0,0.0,6.792172,13.46357759999999,21.220603519999997,0.0,0.42499721626823345,0.002375,0.002375,51.93359375,51.93359375,20.920597,20.920597,20.920597,0.0,0.024999836251072556,0.0,0.0,0.0,0.0,0.217446,0.6098315999999997,0.8450886000000005,0.0,1.124992631298265,0.0,0.0,0.0,0.0,0.0,0.0,0.0,0.0,0.0,0.0,0.0,0.0,0.0,0.0,0.0,0.0,0.0,0.0,0.003600845228341024,0.003600845228341024,40.79626274108887,211.5845489501953,0.0,0.0,0.0,0.0,0.0,60.8696185,0.0,107.63671875,107.63671875,0.0,0.0,0.0,0.0,0.0,0.007091577657152863,0.007091577657152863,19.2568998336792,70.10234069824219
adManualGc,2026-09-15T06:06:45.904357+00:00,2026-09-15T06:07:25.904593+00:00,1465.9796155,2650.80895975,2921.2448623500004,0.0,0.14999911500522148,0.07592857521326762,0.07592857521326762,17.591174125671387,64.85346221923828,1.2863,6.21326,15.227627999999957,0.0,1.224992772542642,57.1296035,0.0,73.58984375,73.58984375,0.0,0.0,0.0,0.0,0.0,0.0,0.0,0.0,0.0,1.637949,9.149372399999999,9.607288879999999,0.0,0.3749977875130537,0.0,0.0,0.0,0.0,0.0,0.0,0.0,0.0,0.0,0.0,0.0,0.0,0.0,11.277333,1005.7430957999836,15003.4162842,0.035555555555555556,5.624966812695805,0.0,0.0,0.0,0.0,11.334,1249.4025999999972,15001.82248,0.04778156996587031,7.324956782754982,0.0,0.0,0.0,0.0,0.0,0.0,0.3299999999999983,0.0,1.6999899700591765,0.0,0.0,0.0,0.0,0.0,0.0,0.0,0.0,0.0,0.0,0.0,70.1328125,70.1328125,3.7982535,41.71280104999999,83.52939787000041,0.0,2.4999852500870245,0.0,0.0,7.241336822509766,13.045173645019531,10.1468235,18.77923065,19.54655573,0.0,0.04999970500174049,0.0,0.0,0.0,0.0,7.3473945,19.86519205,21.163363209999996,0.0,0.3499979350121834,0.002375,0.002375,51.93359375,51.93359375,50.8657305,53.62129875,53.86623815,0.0,0.04999970500174049,0.0,0.0,0.0,0.0,0.216907,0.8848207999999996,2.3215041899999984,0.0,0.9999941000348098,0.0,0.0,0.0,0.0,0.0,0.0,0.0,0.0,0.0,0.0,0.0,0.0,0.0,0.0,0.0,0.0,0.0,0.0,0.004140203325168535,0.004140203325168535,39.648905754089355,211.38853454589844,0.0,0.0,0.0,0.0,0.0,61.181949,0.0,107.63671875,107.63671875,0.0,0.0,0.0,0.0,0.0,0.003854269841953404,0.003854269841953404,20.390775680541992,70.12329864501953
adManualGc,2026-09-15T06:17:58.622425+00:00,2026-09-15T06:18:38.622557+00:00,2387.637074,3204.1698286,3289.23671692,0.0,0.09999967000108899,0.03518593414078631,0.03518593414078631,18.756394386291504,65.88444519042969,2.2965,11.78958,2376.6496580000035,0.0,0.5749981025062617,7.746853,0.0,57.3515625,57.3515625,0.0,0.0,0.0,0.0,0.0,0.0,0.0,0.0,0.0,3.36106,12.039665,14.848583400000003,0.0,0.5249982675057172,0.0,0.0,0.0,0.0,0.0,0.0,0.0,0.0,0.0,0.0,0.0,0.0,0.0,15.221712,85.78424539999995,2416.3689134399965,0.0,3.6749878725400205,0.0,0.0,3.6904291006234975,33.949920654296875,13.601,131.1625,3471.282799999993,0.0,4.774984242552,0.0,0.0,0.0,0.0,0.0,0.0,1.5499999999999972,0.0,1.1499962050125234,0.0,0.0,0.0,0.0,0.0,0.0,0.0,0.0,0.0,0.0,0.0,0.0,0.0,2.973538,74.58925829999998,92.48090590999993,0.0,1.5999947200174238,0.0,0.0,7.229618072509766,13.209236145019531,0.0,0.0,0.0,0.0,0.0,0.0,0.0,0.0,0.0,6.586184,14.2958448,14.737206559999999,0.0,0.19999934000217798,0.0022500000000000003,0.0022500000000000003,31.390625,31.390625,0.0,0.0,0.0,0.0,0.0,0.0,0.0,0.0,0.0,0.241757,5.8232805999999995,16.226813199999974,0.0,1.2499958750136124,0.0,0.0,0.0,0.0,0.0,0.0,0.0,0.0,0.0,0.0,0.0,0.0,0.0,0.0,0.0,0.0,0.0,0.0,0.007150914082618596,0.007150914082618596,52.42143535614014,173.53194427490234,0.0,0.0,0.0,0.0,0.0,5.9967705,0.0,71.5078125,71.5078125,0.0,0.0,0.0,0.0,0.0,0.00726552179656539,0.00726552179656539,16.596243858337402,66.55795288085938
adManualGc,2026-09-15T06:19:07.017360+00:00,2026-09-15T06:19:47.017779+00:00,2169.20188,2707.08288805,2764.4624256099996,0.0,0.09999895251097245,0.025319693094629156,0.025319693094629156,18.98559856414795,65.91922760009766,2.0121,31.158464999999985,3900.1688110000023,0.0,0.6999926675768071,7.97786,0.0,54.92578125,54.92578125,0.0,0.0,0.0,0.0,0.0,0.0,0.0,0.0,0.0,2.812521,22.3865905,26.142687700000003,0.0,0.14999842876645866,0.0,0.0,0.0,0.0,0.0,0.0,0.0,0.0,0.0,0.0,0.0,0.0,0.0,14.442931,163.71038979999983,2496.7597668400035,0.03389830508474576,4.424953648610531,0.0,0.0,3.6119296734149637,32.29676818847656,12.7415,173.34259999999958,6611.1864,0.028225806451612902,6.1999350556802915,0.0,0.0,0.0,0.0,0.0,0.0,1.4000000000000057,0.0,1.8249808833252472,0.0,0.0,0.0,0.0,0.0,0.0,0.0,0.0,0.0,0.029625,0.05925,42.703125,42.703125,6.6284395,51.55754579999999,144.08736658999993,0.0,2.24997643149688,0.0,0.0,7.288211822509766,13.263923645019531,1.1553405,1.76832195,1.8228091899999999,0.0,0.049999476255486223,0.0,0.0,0.0,0.0,11.4276825,32.72841904999999,36.828193410000004,0.0,0.2999968575329173,0.002625,0.002625,36.8671875,36.8671875,16.692938,20.4429752,20.776311839999998,0.0,0.049999476255486223,0.0,0.0,0.0,0.0,0.4005,23.93031514999999,92.35307408000025,0.0,1.2999863826426419,0.0,0.0,0.0,0.0,0.0,0.0,0.0,0.0,0.0,0.0,0.0,0.0,0.0,0.0,0.0,0.0,0.0,0.0,0.007212305597515053,0.007212305597515053,53.780516624450684,173.53194427490234,0.0,0.0,0.0,0.0,0.0,6.127441500000001,0.0,63.1484375,63.1484375,0.0,0.0,0.0,0.0,0.0,0.005074735068978016,0.005074735068978016,17.30852508544922,66.69568634033203
adManualGc,2026-09-15T06:20:14.923563+00:00,2026-09-15T06:20:54.923726+00:00,5401.806874,7079.5916724,7184.333809680001,0.0,0.12499949062707569,0.017028685478905237,0.017028685478905237,18.0125675201416,65.92213439941406,2.3335,23.836089999999988,39.10089799999998,0.0,0.34999857375581195,0.0,0.0,0.0,0.0,0.0,0.0,0.0,0.0,0.0,0.0,0.0,0.0,0.0,1.824175,4.1990066499999985,4.810631730000001,0.0,0.29999877750498166,0.0,0.0,0.0,0.0,0.0,0.0,0.0,0.0,0.0,0.0,0.0,0.0,0.0,11.916471,116.16969359999995,7305.2876195600165,0.026845637583892617,3.7249848206868554,0.0,0.0,3.6066724337064304,32.275657653808594,11.916,128.3918999999995,6753.7583799999875,0.02,4.999979625083028,0.0,0.0,0.0,0.0,0.0,0.0,0.0,0.0,1.3249946006470024,0.0,0.0,0.0,0.0,0.0,0.0,0.0,0.0,0.0,0.03975,0.0795,42.578125,42.578125,4.819131,53.63593419999999,95.78078895999995,0.0,2.1249913406602867,0.0,0.0,0.0,0.0,0.627328,0.627328,0.627328,0.0,0.02499989812541514,0.0,0.0,0.0,0.0,8.794157,29.913980199999983,34.73906883999999,0.0,0.3249986756303968,0.003,0.003,48.921875,48.921875,4.700366,4.700366,4.700366,0.0,0.02499989812541514,0.0,0.0,0.0,0.0,0.294862,10.713916599999983,14.624630519999991,0.0,1.2249950081453418,0.0,0.0,0.0,0.0,0.0,0.0,0.0,0.0,0.0,0.0,0.0,0.0,0.0,0.0,0.0,0.0,0.0,0.0,0.005954153021732659,0.005954153021732659,55.14849281311035,173.53194427490234,0.0,0.0,0.0,0.0,0.0,6.2799625,0.0,62.15625,62.15625,0.0,0.0,0.0,0.0,0.0,0.00344219450523766,0.00344219450523766,17.85740566253662,66.77959442138672
cartFailure,2026-09-15T06:21:22.590903+00:00,2026-09-15T06:22:02.591270+00:00,16.47292,138.657988,152.7786224,0.0,0.12499885313552249,0.025700734917108187,0.025700734917108187,18.23474884033203,66.0143051147461,1.6955,5.5041750000000125,18.715634999999978,0.0,0.49999541254208996,0.0,0.0,0.0,0.0,0.0,0.0,0.0,0.0,0.0,0.0,0.0,0.0,0.0,3.882855,12.357733799999998,12.63220836,0.0,0.3249970181523585,0.0,0.0,0.0,0.0,0.0,0.0,0.0,0.0,0.0,0.0,0.0,0.0,0.0,13.497303,71.42416209999999,125.63037207999965,0.02040816326530612,3.674966282184361,0.0,0.0,3.9775044367863583,36.84410095214844,14.294,91.18179999999994,3066.733160000002,0.015873015873015872,4.72495664852275,0.0,0.0,0.0,0.0,0.0,0.0,0.0,0.0,1.0999899075925978,0.0,0.0,0.0,0.0,0.0,0.0,0.0,0.0,0.0,0.04575,0.058625,43.96484375,43.96484375,4.036957,49.60560109999998,69.23124889999993,0.0,2.0749809620496733,0.0,0.0,0.0,0.0,0.429752,0.429752,0.429752,0.0,0.024999770627104498,0.0,0.0,0.0,0.0,7.330872,19.10917539999999,22.639057479999995,0.0,0.3249970181523585,0.0022500000000000003,0.0022500000000000003,48.87890625,48.87890625,3.472131,3.472131,3.472131,0.0,0.024999770627104498,0.0,0.0,0.0,0.0,2.440525,26.780789199999983,71.15647928,0.0,1.3249878432365385,0.0,0.0,0.0,0.0,0.0,0.0,0.0,0.0,0.0,0.0,0.0,0.0,0.0,0.0,0.0,0.0,0.0,0.0,0.0064068339562199685,0.0064068339562199685,56.59338855743408,173.53194427490234,0.0,0.0,0.0,0.0,0.0,0.0,0.0,0.0,0.0,0.0,0.0,0.0,0.0,0.0,0.006453680948819318,0.006453680948819318,16.186092376708984,66.82771301269531
cartFailure,2026-09-15T06:22:30.280192+00:00,2026-09-15T06:23:10.280433+00:00,51.9502545,62.55476505,63.497388210000004,0.0,0.049999698751815015,0.00297370729307062,0.00297370729307062,18.643546104431152,66.0143051147461,1.66845,6.363769999999996,22.142500999999992,0.0,0.5999963850217802,0.0,0.0,0.0,0.0,0.0,0.0,0.0,0.0,0.0,0.0,0.0,0.0,0.0,2.4889775,9.411294999999996,10.9692094,0.0,0.2499984937590751,0.0,0.0,0.0,0.0,0.0,0.0,0.0,0.0,0.0,0.0,0.0,0.0,0.0,15.284975,142.8705385,15004.2514587,0.0,2.649984033846196,0.0,0.0,0.0,0.0,17.8855,160.20969999999986,15005.24826,0.03125,3.199980720116161,0.0,0.0,0.0,0.0,0.0,0.0,0.0,0.0,0.6499960837735952,0.0,0.0,0.0,0.0,0.0,0.0,0.0,0.0,0.0,0.0,0.0,45.08984375,45.08984375,3.824778,44.298750899999995,75.43370645999998,0.0,1.2499924687953754,0.0,0.0,0.0,0.0,0.0,0.0,0.0,0.0,0.0,0.0,0.0,0.0,0.0,7.65049,12.61073375,13.451691550000001,0.0,0.14999909625544505,0.0,0.0,0.0,0.0,0.0,0.0,0.0,0.0,0.0,0.0,0.0,0.0,0.0,0.314201,15.607798999999996,47.08871505999982,0.0,1.0499936737881153,0.0,0.0,0.0,0.0,0.0,0.0,0.0,0.0,0.0,0.0,0.0,0.0,0.0,0.0,0.0,0.0,0.0,0.0,0.005650201181405702,0.005650201181405702,57.903587341308594,173.53194427490234,0.0,0.0,0.0,0.0,0.0,0.0,0.0,0.0,0.0,0.0,0.0,0.0,0.0,0.0,0.005822790229700512,0.005822790229700512,16.10750102996826,66.85047912597656
cartFailure,2026-09-15T06:23:38.152571+00:00,2026-09-15T06:24:18.152852+00:00,59.016408,98.210433,101.6710202,0.0,0.12499912188116878,0.0,0.0,0.0,0.0,1.1807,3.47378,12.749101999999981,0.0,0.6749952581583114,8.9973315,0.0,54.9765625,54.9765625,0.0,0.0,0.0,0.0,0.0,0.0,0.0,0.0,0.0,1.868551,4.9984765,5.2766921,0.0,0.07499947312870127,0.0,0.0,0.0,0.0,0.0,0.0,0.0,0.0,0.0,0.0,0.0,0.0,0.0,14.329716,71.050236,12024.860719799957,0.01652892561983471,3.0249787495242844,0.0,0.0,0.0,0.0,11.183,72.6088,10677.229499999967,0.024539877300613498,4.074971373326102,0.0,0.0,0.0,0.0,0.0,0.0,0.5499999999999972,0.0,1.1499919213067529,0.0,0.0,0.0,0.0,0.0,0.0,0.0,0.0,0.0,0.0,0.0,47.09765625,47.09765625,2.035203,31.1505152,46.31273844000001,0.0,1.3749903406928565,0.0,0.0,7.299930572509766,13.224861145019531,0.871856,0.871856,0.871856,0.0,0.024999824376233756,0.0,0.0,0.0,0.0,5.358493,8.60789125,9.17736705,0.0,0.14999894625740254,0.0,0.0,0.0,0.0,16.898862,16.898862,16.898862,0.0,0.024999824376233756,0.0,0.0,0.0,0.0,0.714401,22.67381225,25.935682249999992,0.0,0.8999936775444152,0.0,0.0,0.0,0.0,0.0,0.0,0.0,0.0,0.0,0.0,0.0,0.0,0.0,0.0,0.0,0.0,0.0,0.0,0.0,0.0,0.0,0.0,0.0,0.0,0.0,0.0,0.0,0.0,0.0,0.0,0.0,0.0,0.0,0.0,0.0,0.0,0.0,0.0,0.0,0.0
cartFailure,2026-09-15T06:24:46.138077+00:00,2026-09-15T06:25:26.138409+00:00,28.360167,60.86057009999997,70.00922681999998,0.0,0.17499854751205565,0.0,0.0,0.0,0.0,1.5358,14.4566,17.462120000000002,0.0,0.5249956425361669,9.1471925,0.0,53.8984375,53.8984375,0.0,0.0,0.0,0.0,0.0,0.0,0.0,0.0,0.0,2.790251,5.2388170999999994,5.44758902,0.0,0.09999917000688895,0.0,0.0,0.0,0.0,0.0,0.0,0.0,0.0,0.0,0.0,0.0,0.0,0.0,13.0267565,129.10948589999987,159.64253445999984,0.05714285714285714,3.499970950241113,0.0,0.0,3.811176593487079,34.35155487060547,11.242,132.36179999999996,6469.504100000003,0.046153846153846156,4.874959537835836,0.0,0.0,0.0,0.0,0.0,0.0,0.4200000000000017,0.0,1.474987757601612,0.0,0.0,0.0,0.0,0.0,0.0,0.0,0.0,0.0,0.0,0.0,0.0,0.0,14.8820935,79.68315894999999,111.07006037000004,0.0,1.9499838151343343,0.0,0.0,7.530399322509766,13.654548645019531,0.78245,1.0075337,1.02754114,0.0,0.04999958500344447,0.0,0.0,0.0,0.0,10.259296,46.573216,46.8201856,0.0,0.2749977175189446,0.0,0.0,0.0,0.0,29.9574175,48.53643475,50.18790295,0.0,0.04999958500344447,0.0,0.0,0.0,0.0,0.6819575,22.116492699999995,52.233952579999944,0.0,1.2499896250861118,0.0,0.0,0.0,0.0,0.0,0.0,0.0,0.0,0.0,0.0,0.0,0.0,0.0,0.0,0.0,0.0,0.0,0.0,0.0,0.0,0.0,0.0,0.0,0.0,0.0,0.0,0.0,7.090332,0.0,61.515625,61.515625,0.0,0.0,0.0,0.0,0.0,0.0,0.0,0.0,0.0
cartFailure,2026-09-15T06:25:53.892297+00:00,2026-09-15T06:26:33.892516+00:00,101.7552635,153.95168375,158.59136555,0.0,0.049999726251498774,0.0029026956651655176,0.0029026956651655176,20.669129371643066,66.0143051147461,2.10855,340.2185049999997,819.7678609999992,0.0,0.3499980837604914,9.3499535,0.0,55.765625,55.765625,0.0,0.0,0.0,0.0,0.0,0.0,0.0,0.0,0.0,1.687589,5.957514399999996,7.213235679999998,0.0,0.1749990418802457,0.0,0.0,0.0,0.0,0.0,0.0,0.0,0.0,0.0,0.0,0.0,0.0,0.0,12.871801,262.241456,1235.8646328000018,0.036036036036036036,2.774984806958182,0.0,0.0,3.7049730741060696,32.434486389160156,12.383,288.20939999999877,3610.15197999996,0.02666666666666667,3.7499794688624077,0.0,0.0,0.0,0.0,0.0,0.0,0.0,0.0,1.0749941144072235,0.0,0.0,0.0,0.0,0.0,0.0,0.0,0.0,0.0,0.0,0.0,0.0,0.0,14.987639,471.55359904999995,1230.6353218600002,0.0,1.549991513796462,0.0,0.0,7.284305572509766,13.099861145019531,0.507659,0.507659,0.507659,0.0,0.024999863125749387,0.0,0.0,0.0,0.0,12.449682,121.36430359999993,176.52789272,0.0,0.22499876813174446,0.002125,0.002125,49.40625,49.40625,5.333624,5.333624,5.333624,0.0,0.024999863125749387,0.0,0.0,0.0,0.0,0.299316,16.6156608,27.453177359999984,0.0,1.1749935669102212,0.0,0.0,0.0,0.0,0.0,0.0,0.0,0.0,0.0,0.0,0.0,0.0,0.0,0.0,0.0,0.0,0.0,0.0,0.00852851051063921,0.00852851051063921,61.45889186859131,379.45689392089844,0.0,0.0,0.0,0.0,0.0,7.197417499999999,0.0,61.28515625,61.28515625,0.0,0.0,0.0,0.0,0.0,0.0,0.0,0.0,0.0
paymentFailure,2026-09-15T06:27:08.776202+00:00,2026-09-15T06:27:48.776715+00:00,109.9741045,232.19460984999998,241.33174596999996,0.0,0.09999871751644786,0.003938321874374207,0.003938321874374207,21.05416488647461,66.0143051147461,4.7757,19.41685999999997,26.636555999999995,0.0,0.724990701994247,9.817514000000001,0.0,55.30859375,55.30859375,0.0,0.0,0.0,0.0,0.0,0.0,0.0,0.0,0.0,2.943385,6.819843199999998,7.413482239999999,0.0,0.17499775565378375,0.0,0.0,0.0,0.0,0.0,0.0,0.0,0.0,0.0,0.0,0.0,0.0,0.0,12.552814,123.16478939999956,262.4203093600002,0.017094017094017096,2.9249624873560998,0.0,0.0,3.7746951763446512,33.33740997314453,14.398,137.21575,6431.636699999993,0.019230769230769232,3.8999499831414663,0.0,0.0,0.0,0.0,0.0,0.0,1.579999999999998,0.0,1.0749862133018144,0.0,0.0,0.0,0.0,0.0,0.0,0.0,0.0,0.0,0.0,0.0,45.09765625,45.09765625,4.1470265,55.02962040000003,85.26554618000006,0.0,1.7999769152960614,0.0,0.0,7.245243072509766,13.021736145019531,0.625769,0.625769,0.625769,0.0,0.024999679379111964,0.0,0.0,0.0,0.0,5.75299,17.037089499999993,19.6953691,0.0,0.24999679379111964,0.003875,0.003875,49.05859375,49.05859375,60.364228,60.364228,60.364228,0.0,0.024999679379111964,0.0,0.0,0.0,0.0,1.0180345,14.317646599999996,22.212289849999994,0.0,1.3499826864720461,0.0,0.0,0.0,0.0,0.0,0.0,0.0,0.0,0.0,0.0,0.0,0.0,0.0,0.0,0.0,0.0,0.0,0.0,0.017270848239128708,0.017270848239128708,35.97493648529053,182.53865814208984,0.0,0.0,0.0,0.0,0.0,7.511931000000001,0.0,68.5234375,68.5234375,0.0,0.0,0.0,0.0,0.0,0.003838047698280643,0.003838047698280643,17.338077545166016,67.09900665283203
paymentFailure,2026-09-15T06:28:16.776718+00:00,2026-09-15T06:28:56.776996+00:00,25.0867265,29.76090575,30.17638835,0.0,0.04999965250241511,0.003559563360227812,0.003559563360227812,21.365283966064453,66.0143051147461,2.0201,14.241679999999995,51.7941199999999,0.0,0.6249956562801888,0.0,0.0,0.0,0.0,0.0,0.0,0.0,0.0,0.0,0.0,0.0,0.0,0.0,2.2497235,7.31864825,7.50334085,0.0,0.39999722001932086,0.0,0.0,0.0,0.0,0.0,0.0,0.0,0.0,0.0,0.0,0.0,0.0,0.0,18.5211625,776.716430349999,15001.07206997,0.0,3.599974980173888,0.0,0.0,3.7101000272310696,32.693016052246094,16.54,1175.8773999999942,14995.7514,0.022598870056497175,4.424969246463737,0.0,0.0,0.0,0.0,0.0,0.0,0.0,0.0,0.8749939187922644,0.0,0.0,0.0,0.0,0.0,0.0,0.0,0.0,0.0,0.03641666666666667,0.04725,40.22265625,40.22265625,36.256831,614.5300171999994,1009.2246672799986,0.0,2.54998227762317,0.0,0.0,0.0,0.0,0.0,0.0,0.0,0.0,0.0,0.0,0.0,0.0,0.0,33.305079,325.85525219999965,641.17495844,0.0,0.4249970462705284,0.0025,0.0025,48.5078125,48.5078125,0.0,0.0,0.0,0.0,0.0,0.0,0.0,0.0,0.0,0.4338095,9.238048049999977,24.522921379999996,0.0,0.9999930500483021,0.0,0.0,0.0,0.0,0.0,0.0,0.0,0.0,0.0,0.0,0.0,0.0,0.0,0.0,0.0,0.0,0.0,0.0,0.014485331772624187,0.014485331772624187,39.821648597717285,203.53865814208984,0.0,0.0,0.0,0.0,0.0,7.8584285000000005,0.0,67.86328125,67.86328125,0.0,0.0,0.0,0.0,0.0,0.006233553341098314,0.006233553341098314,16.89557933807373,67.13589477539062
paymentFailure,2026-09-15T06:29:25.628504+00:00,2026-09-15T06:30:05.629022+00:00,109.167938,267.3362944,282.69972368000003,0.0,0.12499838127096254,0.0047040805163548844,0.0047040805163548844,21.77992820739746,66.0143051147461,1.89095,17.212275,21.065415,0.0,0.39999482006708015,0.0,0.0,0.0,0.0,0.0,0.0,0.0,0.0,0.0,0.0,0.0,0.0,0.0,1.803699,2.252403,2.2922878,0.0,0.04999935250838502,0.0,0.0,0.0,0.0,0.0,0.0,0.0,0.0,0.0,0.0,0.0,0.0,0.0,12.619721,100.53827250000005,223.04106848000004,0.04597701149425287,2.174971834114748,0.0,0.0,0.0,0.0,11.7335,107.007,292.84254999999945,0.034482758620689655,2.899962445486331,0.0,0.0,0.0,0.0,0.0,0.0,25.07999999999987,0.0,0.8749886688967378,0.0,0.0,0.0,0.0,0.0,0.0,0.0,0.0,0.0,0.0,0.0,39.72265625,39.72265625,3.0159605,42.559473350000005,49.87721299,0.0,1.4499812227431654,0.0,0.0,0.0,0.0,0.564406,0.564406,0.564406,0.0,0.02499967625419251,0.0,0.0,0.0,0.0,5.2099935,13.309325549999999,13.55363311,0.0,0.19999741003354007,0.0022500000000000003,0.0022500000000000003,48.46484375,48.46484375,19.405974,19.405974,19.405974,0.0,0.02499967625419251,0.0,0.0,0.0,0.0,0.2667475,13.385015399999993,50.35083722999993,0.0,1.2499838127096254,0.0,0.0,0.0,0.0,0.0,0.0,0.0,0.0,0.0,0.0,0.0,0.0,0.0,0.0,0.0,0.0,0.0,0.0,0.00498137494765148,0.00498137494765148,41.008174896240234,203.53865814208984,0.0,0.0,0.0,0.0,0.0,0.0,0.0,0.0,0.0,0.0,0.0,0.0,0.0,0.0,0.002944860778410215,0.002944860778410215,17.657479286193848,67.15704345703125
paymentFailure,2026-09-15T06:30:33.309600+00:00,2026-09-15T06:31:13.310017+00:00,15.806728,27.910161599999995,30.221644319999992,0.0,0.17499817564401893,0.0,0.0,0.0,0.0,2.6188,10.717979999999999,12.091308,0.0,0.9249903569755286,0.0,0.0,0.0,0.0,0.0,0.0,0.0,0.0,0.0,0.0,0.0,0.0,0.0,1.7484095,3.0665162999999995,3.47298166,0.0,0.19999791502173592,0.0,0.0,0.0,0.0,0.0,0.0,0.0,0.0,0.0,0.0,0.0,0.0,0.0,10.793894,94.43213759999996,14999.49805892,0.023668639053254437,4.224955954834171,0.0,0.0,0.0,0.0,10.967,105.15024999999994,15000.51647,0.036036036036036036,5.549942141853172,0.0,0.0,0.0,0.0,0.0,0.0,0.9200000000000017,0.0,1.3749856657744344,0.0,0.0,0.0,0.0,0.0,0.0,0.0,0.0,0.0,0.0,0.0,40.09765625,40.09765625,4.203865,68.33419080000002,1503.85777431997,0.0,1.924979932084208,0.0,0.0,7.374149322509766,13.373298645019531,1.558286,1.558286,1.558286,0.0,0.02499973937771699,0.0,0.0,0.0,0.0,8.213421,13.029554999999998,13.665245399999998,0.0,0.17499817564401893,0.0,0.0,0.0,0.0,30.916101,30.916101,30.916101,0.0,0.02499973937771699,0.0,0.0,0.0,0.0,0.2427035,0.6969740499999996,3.464030930000001,0.0,1.1999874901304155,0.0,0.0,0.0,0.0,0.0,0.0,0.0,0.0,0.0,0.0,0.0,0.0,0.0,0.0,0.0,0.0,0.0,0.0,0.0,0.0,0.0,0.0,0.0,0.0,0.0,0.0,0.0,0.0,0.0,0.0,0.0,0.0,0.0,0.0,0.0,0.0,0.003987594151528578,0.003987594151528578,18.175683975219727,67.18704223632812
paymentFailure,2026-09-15T06:31:41.392637+00:00,2026-09-15T06:32:21.393238+00:00,15.905947,21.1308142,21.59524684,0.0,0.07499887314193103,0.0,0.0,0.0,0.0,4.7044,21.372349999999994,25.111148000000004,0.0,0.5749913607548046,11.500288000000001,0.0,52.48046875,52.48046875,0.0,0.0,0.0,0.0,0.0,0.0,0.0,0.0,0.0,0.908739,1.0029906,1.01136852,0.0,0.049999248761287356,0.0,0.0,0.0,0.0,0.0,0.0,0.0,0.0,0.0,0.0,0.0,0.0,0.0,10.3160355,104.35522325,14999.8130621,0.046511627906976744,2.1499676967353563,0.0,0.0,0.0,0.0,8.2405,124.18199999999999,14999.88717,0.06140350877192982,2.8499571793933796,0.0,0.0,0.0,0.0,0.0,0.0,1.3400000000000034,0.0,0.849987228941885,0.0,0.0,0.0,0.0,0.0,0.0,0.0,0.0,0.0,0.0,0.0,0.0,0.0,2.096635,27.20510419999999,47.78551874,0.0,1.3749793409354023,0.0,0.0,7.483524322509766,13.560798645019531,0.357969,0.357969,0.357969,0.0,0.024999624380643678,0.0,0.0,0.0,0.0,5.531494,11.68288725,12.81919425,0.0,0.14999774628386206,0.0,0.0,0.0,0.0,2.54555,2.54555,2.54555,0.0,0.024999624380643678,0.0,0.0,0.0,0.0,0.261629,16.82120279999997,52.39576759999999,0.0,0.8249876045612414,0.0,0.0,0.0,0.0,0.0,0.0,0.0,0.0,0.0,0.0,0.0,0.0,0.0,0.0,0.0,0.0,0.0,0.0,0.0,0.0,0.0,0.0,0.0,0.0,0.0,0.0,0.0,9.3976155,0.0,63.5625,63.5625,0.0,0.0,0.0,0.0,0.0,0.0,0.0,0.0,0.0
recommendationCacheFailure,2026-09-15T06:32:49.951761+00:00,2026-09-15T06:33:29.951997+00:00,304.285967,304.285967,304.285967,0.0,0.024999852500870244,0.0,0.0,0.0,0.0,1.63865,37.219899999999996,40.77646,0.0,0.19999882000696195,11.894516999999999,0.0,52.01953125,52.01953125,0.0,0.0,0.0,0.0,0.0,0.0,0.0,0.0,0.0,2.792604,4.0190681999999995,4.29650964,0.0,0.1749989675060917,0.0,0.0,0.0,0.0,0.0,0.0,0.0,0.0,0.0,0.0,0.0,0.0,0.0,9.883506,57.26551410000001,145.03235874000012,0.0,2.1749871675757113,0.0,0.0,3.925351069523738,35.09846496582031,12.5195,95.05954999999989,6546.794130000004,0.0,2.7999834800974672,0.0,0.0,0.0,0.0,0.0,0.0,2.1599999999999966,0.0,0.724995722525237,0.0,0.0,0.0,0.0,0.0,0.0,0.0,0.0,0.0,0.0,0.0,0.0,0.0,3.841908,63.22534224999997,17982.12753850993,0.0,1.2499926250435123,0.0,0.0,7.210086822509766,13.013923645019531,0.0,0.0,0.0,0.0,0.0,0.0,0.0,0.0,0.0,4.573791,420012.8077207996,564003.8819729597,0.14285714285714285,0.1749989675060917,0.0,0.0,0.0,0.0,0.0,0.0,0.0,0.0,0.0,0.0,0.0,0.0,0.0,0.247121,37.55934454999997,55.18824463000004,0.0,1.2999923300452527,0.0,0.0,0.0,0.0,0.0,0.0,0.0,0.0,0.0,0.0,0.0,0.0,0.0,0.0,0.0,0.0,0.0,0.0,0.0,0.0,0.0,0.0,0.0,0.0,0.0,0.0,0.0,9.54754,0.0,62.0546875,62.0546875,0.0,0.0,0.0,0.0,0.0,0.0,0.0,0.0,0.0
recommendationCacheFailure,2026-09-15T06:33:58.138384+00:00,2026-09-15T06:34:38.138525+00:00,10.3006485,73.0645236999999,107.55877114000002,0.0,0.2499991187531064,0.009210202758589855,0.009210202758589855,23.511664390563965,66.0143051147461,5.5109,24.258809999999993,5722.681032999997,0.0,0.5999978850074553,12.916428499999999,0.0,55.66015625,55.66015625,0.0,0.0,0.0,0.0,0.0,0.0,0.0,0.0,0.0,2.469655,7.066995599999996,9.650538320000004,0.0,0.29999894250372766,0.0,0.0,0.0,0.0,0.0,0.0,0.0,0.0,0.0,0.0,0.0,0.0,0.0,13.866035,83.09953875,157.054493,0.045454545454545456,4.399984490054672,0.0,0.0,3.792905954214243,33.68492889404297,12.2425,104.71149999999997,6673.716069999971,0.036885245901639344,6.099978497575796,0.0,0.0,0.0,0.0,0.0,0.0,0.6399999999999864,0.0,1.724993919396434,0.0,0.0,0.0,0.0,0.0,0.0,0.0,0.0,0.0,0.0,0.0,0.0,0.0,7.6072665,66.97220194999997,91.24971662000002,0.0,1.9499931262742298,0.0,0.0,7.487430572509766,13.599861145019531,0.796034,0.8607458,0.86649796,0.0,0.04999982375062128,0.0,0.0,0.0,0.0,5.002299,46.89906359999989,84.49640711999992,0.0,0.3249988543790383,0.002125,0.002125,49.41796875,49.41796875,10.551064,10.8177817,10.841489939999999,0.0,0.04999982375062128,0.0,0.0,0.0,0.0,0.483252,24.1142783,44.828859779999995,0.0,1.4499948887680172,0.0,0.0,0.0,0.0,0.0,0.0,0.0,0.0,0.0,0.0,0.0,0.0,0.0,0.0,0.0,0.0,0.0,0.0,0.009584022161654975,0.009584022161654975,37.986748695373535,194.92711639404297,0.0,0.0,0.0,0.0,0.0,9.7044365,0.0,62.15625,62.15625,0.0,0.0,0.0,0.0,0.0,0.011104891973581103,0.011104891973581103,16.53593921661377,67.25125122070312
recommendationCacheFailure,2026-09-15T06:35:06.459407+00:00,2026-09-15T06:35:46.459589+00:00,10.31874,11.790362400000001,11.92117328,0.0,0.07499965875155268,0.004507139916357884,0.004507139916357884,23.805814743041992,66.0143051147461,6.1128,28.372199999999996,32.174504999999996,0.0,0.5499974975113863,13.835746,0.0,56.67578125,56.67578125,0.0,0.0,0.0,0.0,0.0,0.0,0.0,0.0,0.0,2.162718,6.558715,7.0097214,0.0,0.27499874875569313,0.0,0.0,0.0,0.0,0.0,0.0,0.0,0.0,0.0,0.0,0.0,0.0,0.0,11.819026,59.50851699999994,258.40528091999914,0.0,3.17498555381573,0.0,0.0,4.169315631573017,38.0618896484375,10.772,67.92740000000005,6682.968719999969,0.006134969325153374,4.074981458834362,0.0,0.0,0.0,0.0,0.0,0.0,0.6300000000000026,0.0,0.9499956775196672,0.0,0.0,0.0,0.0,0.0,0.0,0.0,0.0,0.0,0.0195625,0.025625,40.22265625,40.22265625,4.776987,29.04758519999999,42374.866602480004,0.0,1.3249939712774306,0.0,0.0,7.389774322509766,13.342048645019531,0.0,0.0,0.0,0.0,0.0,0.0,0.0,0.0,0.0,10.4903615,14.809319499999997,15.4681679,0.0,0.19999909000414046,0.002375,0.002375,49.40625,49.40625,0.0,0.0,0.0,0.0,0.0,0.0,0.0,0.0,0.0,0.213858,0.8159297999999982,6.1143977599999815,0.0,1.2249944262753605,0.0,0.0,0.0,0.0,0.0,0.0,0.0,0.0,0.0,0.0,0.0,0.0,0.0,0.0,0.0,0.0,0.0,0.0,0.009251015222914721,0.009251015222914721,39.28780651092529,194.92711639404297,0.0,0.0,0.0,0.0,0.0,10.056636000000001,0.0,62.80078125,62.80078125,0.0,0.0,0.0,0.0,0.0,0.006399512418101478,0.006399512418101478,17.061198234558105,67.30122375488281
recommendationCacheFailure,2026-09-15T06:36:14.647008+00:00,2026-09-15T06:36:54.647382+00:00,8.209831,21.173320949999997,22.78640979,0.0,0.09999906500874217,0.004225064171001522,0.004225064171001522,24.188952445983887,66.0143051147461,6.7641,22.329249999999995,23.77321,0.0,0.4749955587915253,14.223713,0.0,56.6171875,56.6171875,0.0,0.0,0.0,0.0,0.0,0.0,0.0,0.0,0.0,1.8006205,5.018653849999999,5.464393970000001,0.0,0.24999766252185543,0.0,0.0,0.0,0.0,0.0,0.0,0.0,0.0,0.0,0.0,0.0,0.0,0.0,12.692127,137.18479819999982,13818.257890080025,0.0,2.724974521488224,0.0,0.0,4.045889047475962,36.72955322265625,13.734,173.09979999999982,14713.168819999994,0.015748031496062992,3.1749703140275636,0.0,0.0,0.0,0.0,0.0,0.0,0.0,0.0,0.5499948575480819,0.0,0.0,0.0,0.0,0.0,0.0,0.0,0.0,0.0,0.03325,0.0665,40.47265625,40.47265625,2.90106,30.596516099999988,41.943742500000006,0.0,1.3749871438702048,0.0,0.0,0.0,0.0,0.0,0.0,0.0,0.0,0.0,0.0,0.0,0.0,0.0,3.984658,14.565097949999995,17.62258119,0.0,0.19999813001748434,0.01425,0.01425,49.46875,49.46875,0.0,0.0,0.0,0.0,0.0,0.0,0.0,0.0,0.0,0.1912345,0.6356542499999994,5.259021079999982,0.0,1.249988312609277,0.0,0.0,0.0,0.0,0.0,0.0,0.0,0.0,0.0,0.0,0.0,0.0,0.0,0.0,0.0,0.0,0.0,0.0,0.0627807777828198,0.0627807777828198,38.55970001220703,194.45470428466797,0.0,0.0,0.0,0.0,0.0,10.272667,0.0,62.22265625,62.22265625,0.0,0.0,0.0,0.0,0.0,0.01362237509051412,0.01362237509051412,16.843292236328125,67.32136535644531
recommendationCacheFailure,2026-09-15T06:37:22.106934+00:00,2026-09-15T06:38:02.107122+00:00,9.830516,16.143968499999996,17.0981377,0.0,0.17499917750386573,0.002970847225784389,0.002970847225784389,24.47854518890381,66.0143051147461,2.2589,10.313779999999996,12.039271999999997,0.0,0.6249970625138062,0.0,0.0,0.0,0.0,0.0,0.0,0.0,0.0,0.0,0.0,0.0,0.0,0.0,2.170219,8.339389399999998,10.211694679999999,0.0,0.2249989425049702,0.0,0.0,0.0,0.0,0.0,0.0,0.0,0.0,0.0,0.0,0.0,0.0,0.0,11.896262,61.651796399999974,15001.97694208,0.031088082901554404,4.824977322606584,0.0,0.0,3.7725695096529446,33.05426788330078,9.832,80.10109999999978,9911.592359999962,0.034220532319391636,6.574969097645241,0.0,0.0,0.0,0.0,0.0,0.0,1.2900000000000063,0.0,1.7999915400397617,0.0,0.0,0.0,0.0,0.0,0.0,0.0,0.0,0.0,0.0,0.0,40.72265625,40.72265625,4.755725,34.949565999999976,53.38729596000009,0.0,2.22498954254915,0.0,0.0,0.0,0.0,0.665808,0.8063628,0.8188565600000001,0.0,0.04999976500110449,0.0,0.0,0.0,0.0,4.6403645,10.966415199999997,15.321265439999994,0.0,0.34999835500773147,0.002375,0.002375,49.77734375,49.77734375,4.9487315,5.73717695,5.8072609900000005,0.0,0.04999976500110449,0.0,0.0,0.0,0.0,0.3096375,3.4367816499999995,6.55853248,0.0,1.299993890028717,0.0,0.0,0.0,0.0,0.0,0.0,0.0,0.0,0.0,0.0,0.0,0.0,0.0,0.0,0.0,0.0,0.0,0.0,0.005124701059104886,0.005124701059104886,37.80571365356445,196.87276458740234,0.0,0.0,0.0,0.0,0.0,0.0,0.0,0.0,0.0,0.0,0.0,0.0,0.0,0.0,0.003524511374559436,0.003524511374559436,16.204655647277832,67.3592758178711
kafkaQueueProblems,2026-09-15T06:38:29.553939+00:00,2026-09-15T06:39:09.554427+00:00,23.3020475,40.11315809999999,41.923505219999996,0.0,0.09999878001488383,0.004268920542303072,0.004268920542303072,19.184168815612793,66.0143051147461,1.87815,15.687979999999925,50.98215599999991,0.0,0.4499945100669772,0.0,0.0,0.0,0.0,0.0,0.0,0.0,0.0,0.0,0.0,0.0,0.0,0.0,1.42084,3.5993535999999997,3.8196371199999994,0.0,0.1749978650260467,0.0,0.0,0.0,0.0,0.0,0.0,0.0,0.0,0.0,0.0,0.0,0.0,0.0,9.257564,379.70062539999515,2869.155082000003,0.03418803418803419,2.9249643154353517,0.0,0.0,0.0,0.0,9.8155,530.3333999999927,8186.495609999932,0.03333333333333333,3.7499542505581434,0.0,0.0,0.0,0.0,0.0,0.0,0.0,0.0,0.9249887151376753,0.0,0.0,0.0,0.0,0.0,0.0,0.0,0.0,0.0,0.04125,0.053875,41.22265625,41.22265625,25.270223,1043.263444,1187.6127608999998,0.0,1.7749783452641879,0.0,0.0,0.0,0.0,1.205724,1.205724,1.205724,0.0,0.024999695003720956,0.0,0.0,0.0,0.0,40.766176,1236.3511975,1258.4173587,0.0,0.2749966450409305,0.0022500000000000003,0.0022500000000000003,49.98046875,49.98046875,4.95195,4.95195,4.95195,0.0,0.024999695003720956,0.0,0.0,0.0,0.0,0.396057,43.68721689999985,73.11091316,0.0,1.174985665174885,0.0,0.0,0.0,0.0,0.0,0.0,0.0,0.0,0.0,0.0,0.0,0.0,0.0,0.0,0.0,0.0,0.0,0.0,0.004331243131424138,0.004331243131424138,39.09498405456543,196.87276458740234,0.0,0.0,0.0,0.0,0.0,0.0,0.0,0.0,0.0,0.0,0.0,0.0,0.0,0.0,0.0027373049400810415,0.0027373049400810415,16.719327926635742,67.37313842773438
kafkaQueueProblems,2026-09-15T06:39:37.137822+00:00,2026-09-15T06:40:17.138368+00:00,19.197691,30.10271125,30.42142385,0.0,0.14999795252794798,0.0,0.0,0.0,0.0,1.26925,5.134604999999999,5.749800999999998,0.0,0.44999385758384397,14.9284635,0.0,57.0546875,57.0546875,0.0,0.0,0.0,0.0,0.0,0.0,0.0,0.0,0.0,1.10304,3.105126,3.2830892,0.0,0.07499897626397399,0.0,0.0,0.0,0.0,0.0,0.0,0.0,0.0,0.0,0.0,0.0,0.0,0.0,11.281978,1878.1445202999864,5183.90173842,0.017857142857142856,2.799961780521696,0.0,0.0,0.0,0.0,11.9115,2670.396,5564.625500000001,0.022058823529411766,3.399953590633488,0.0,0.0,0.0,0.0,0.0,0.0,2.9200000000000017,0.0,0.699990445130424,0.0,0.0,0.0,0.0,0.0,0.0,0.0,0.0,0.0,0.0675,0.08825,41.22265625,41.22265625,222.5815355,4871.03279875,5225.091372299999,0.0,1.2499829377329,0.0,0.0,7.581180572509766,13.662361145019531,1.235998,1.235998,1.235998,0.0,0.024999658754658,0.0,0.0,0.0,0.0,357.204443,5049.534694399998,5683.93505008,0.0,0.199997270037264,0.002125,0.002125,49.98828125,49.98828125,5.147757,5.147757,5.147757,0.0,0.024999658754658,0.0,0.0,0.0,0.0,0.305115,11.0569452,24.189494499999995,0.0,1.074985326450294,0.0,0.0,0.0,0.0,0.0,0.0,0.0,0.0,0.0,0.0,0.0,0.0,0.0,0.0,0.0,0.0,0.0,0.0,0.0,0.0,0.0,0.0,0.0,0.0,0.0,0.0,0.0,0.0,0.0,0.0,0.0,0.0,0.0,0.0,0.0,0.0,0.0,0.0,0.0,0.0
kafkaQueueProblems,2026-09-15T06:40:44.907879+00:00,2026-09-15T06:41:24.908150+00:00,16.853332,64.7968686,70.53602012,0.0,0.12499915313073755,0.0,0.0,0.0,0.0,0.9921,2.5895899999999936,4.803518000000001,0.0,0.47499678189680267,15.079288000000002,0.0,58.60546875,58.60546875,0.0,0.0,0.0,0.0,0.0,0.0,0.0,0.0,0.0,1.948369,6.300823449999998,7.195933490000002,0.0,0.2999979675137701,0.0,0.0,0.0,0.0,0.0,0.0,0.0,0.0,0.0,0.0,0.0,0.0,0.0,10.7433385,434.89677975,1795.6243593500067,0.0136986301369863,3.6499752714175364,0.0,0.0,3.6568803053635817,31.650894165039062,11.2675,622.7485499999979,4574.18597999999,0.016483516483516484,4.549969173958846,0.0,0.0,0.0,0.0,0.0,0.0,0.6300000000000026,0.0,0.9499935637936053,0.0,0.0,0.0,0.0,0.0,0.0,0.0,0.0,0.0,0.0,0.0,0.0,0.0,20.740952,700.401219,1067.3362771500003,0.0,2.0999857725963906,0.0,0.0,7.249149322509766,13.060798645019531,0.310587,0.310587,0.310587,0.0,0.02499983062614751,0.0,0.0,0.0,0.0,32.6027265,807.3946324499999,887.9245920899999,0.0,0.3499976287660651,0.0,0.0,0.0,0.0,128.15787,128.15787,128.15787,0.0,0.02499983062614751,0.0,0.0,0.0,0.0,0.266015,9.640400299999998,20.51716598000001,0.0,1.374990684438113,0.0,0.0,0.0,0.0,0.0,0.0,0.0,0.0,0.0,0.0,0.0,0.0,0.0,0.0,0.0,0.0,0.0,0.0,0.0,0.0,0.0,0.0,0.0,0.0,0.0,0.0,0.0,12.430886999999998,0.0,66.6796875,66.6796875,0.0,0.0,0.0,0.0,0.0,0.0,0.0,0.0,0.0
kafkaQueueProblems,2026-09-15T06:41:52.792987+00:00,2026-09-15T06:42:32.793131+00:00,17.98001,56.35072204999999,62.27022361,0.0,0.19999928000259198,0.004433921653034869,0.004433921653034869,20.49694061279297,66.0143051147461,1.3346,11.179919999999994,15.878224,0.0,0.424998470005508,15.931903499999999,0.0,61.74609375,61.74609375,0.0,0.0,0.0,0.0,0.0,0.0,0.0,0.0,0.0,1.1543505,3.01190325,3.02192305,0.0,0.19999928000259198,0.0,0.0,0.0,0.0,0.0,0.0,0.0,0.0,0.0,0.0,0.0,0.0,0.0,9.449518,89.11347779999984,178.22227396000042,0.020134228187919462,3.724986590048276,0.0,0.0,4.068971487192007,36.54993438720703,7.6975,99.60739999999973,3963.3613600000335,0.01485148514851485,5.049981820065448,0.0,0.0,0.0,0.0,0.0,0.5999999999999943,13.980000000000011,0.0,1.37499505001782,0.0,0.0,0.0,0.0,0.0,0.0,0.0,0.0,0.0,0.0,0.0,0.0,0.0,11.5740255,181.603347,240.2509382,0.0,1.399994960018144,0.0,0.0,7.518680572509766,13.693611145019531,0.740637,0.740637,0.740637,0.0,0.024999910000323998,0.0,0.0,0.0,0.0,8.265584,47.83617149999999,49.49392709999999,0.0,0.174999370002268,0.0,0.0,0.0,0.0,6.763477,6.763477,6.763477,0.0,0.024999910000323998,0.0,0.0,0.0,0.0,0.2182715,5.512336999999998,15.093480200000016,0.0,1.199995680015552,0.0,0.0,0.0,0.0,0.0,0.0,0.0,0.0,0.0,0.0,0.0,0.0,0.0,0.0,0.0,0.0,0.0,0.0,0.0,0.0,0.0,0.0,0.0,0.0,0.0,0.0,0.0,12.5522765,0.0,66.11328125,66.11328125,0.0,0.0,0.0,0.0,0.0,0.0,0.0,0.0,0.0
kafkaQueueProblems,2026-09-15T06:43:00.467643+00:00,2026-09-15T06:43:40.467897+00:00,14.95855,30.320578299999998,32.041034859999996,0.0,0.1749988887570564,0.0037088149042608246,0.0037088149042608246,20.795040130615234,66.0143051147461,1.5296,4.600259999999999,8.526260000000004,0.0,0.9249941262872982,16.094929,0.0,60.6171875,60.6171875,0.0,0.0,0.0,0.0,0.0,0.0,0.0,0.0,0.0,2.4573425,10.238652549999996,12.932904110000003,0.0,0.2999980950120967,0.0,0.0,0.0,0.0,0.0,0.0,0.0,0.0,0.0,0.0,0.0,0.0,0.0,11.14891,90.74530390000001,14998.84460071,0.02247191011235955,4.449971742679434,0.0,0.0,4.031214200533354,36.311485290527344,11.521,93.8648,15000.8497,0.03524229074889868,5.674963963978829,0.0,0.0,0.0,0.0,0.0,0.0,2.5,0.0,1.2749919038014108,0.0,0.0,0.0,0.0,0.0,0.0,0.0,0.0,0.0,0.0373125,0.074625,42.59765625,42.59765625,11.7378885,66.19278025000003,148.17273010000025,0.0,2.299985395092741,0.0,0.0,7.370243072509766,13.365486145019531,2.079894,2.079894,2.079894,0.0,0.024999841251008056,0.0,0.0,0.0,0.0,21.7236555,210113.16937754978,522021.8847883095,0.07142857142857142,0.3499977775141128,0.0,0.0,0.0,0.0,11.968237,11.968237,11.968237,0.0,0.024999841251008056,0.0,0.0,0.0,0.0,0.240348,2.4796823999999953,14.635912959999974,0.0,1.224992221299395,0.0,0.0,0.0,0.0,0.0,0.0,0.0,0.0,0.0,0.0,0.0,0.0,0.0,0.0,0.0,0.0,0.0,0.0,0.006708369283865401,0.006708369283865401,42.88327503204346,197.09146118164062,0.0,0.0,0.0,0.0,0.0,12.7155265,0.0,63.015625,63.015625,0.0,0.0,0.0,0.0,0.0,0.0030687441920774533,0.0030687441920774533,16.362950325012207,67.42346954345703
imageSlowLoad,2026-09-15T06:44:07.947107+00:00,2026-09-15T06:44:47.947447+00:00,81.7590115,143.77088125,149.28304745,0.0,0.04999957500361247,0.01476944462544254,0.01476944462544254,21.213479042053223,66.0143051147461,1.2846,9.216219999999995,11.146923999999997,0.0,0.32499723752348103,16.373323,0.0,62.87890625,62.87890625,0.0,0.0,0.0,0.0,0.0,0.0,0.0,0.0,0.0,6.472712,6.472712,6.472712,0.0,0.024999787501806234,0.0,0.0,0.0,0.0,0.0,0.0,0.0,0.0,0.0,0.0,0.0,0.0,0.0,14.323009,865.5951671499996,15002.098896290001,0.0,1.599986400115599,0.0,0.0,3.9141939603365383,34.52777099609375,25.3635,10009.87355,19003.083170000067,0.02564102564102564,1.9499834251408863,0.0,0.0,0.0,0.0,0.0,0.0,0.0,0.0,0.4999957500361247,0.0,0.0,0.0,0.0,0.0,0.0,0.0,0.0,0.0,0.0,0.0,47.16796875,47.16796875,72.8676185,645.5892238999998,745.95063891,0.0,0.9999915000722494,0.0,0.0,7.413211822509766,13.326423645019531,0.0,0.0,0.0,0.0,0.0,0.0,0.0,0.0,0.0,111.920198,395.1726285499999,426.5181121099999,0.0,0.09999915000722494,0.002125,0.002125,49.86328125,49.86328125,0.0,0.0,0.0,0.0,0.0,0.0,0.0,0.0,0.0,0.199785,5.4795931999999965,19.00711282999999,0.0,0.9999915000722494,0.0,0.0,0.0,0.0,0.0,0.0,0.0,0.0,0.0,0.0,0.0,0.0,0.0,0.0,0.0,0.0,0.0,0.0,0.005753864860170228,0.005753864860170228,44.028929710388184,197.09146118164062,0.0,0.0,0.0,0.0,0.0,12.892506,0.0,62.50390625,62.50390625,0.0,0.0,0.0,0.0,0.0,0.0061482978122488,0.0061482978122488,17.25706958770752,67.46668243408203
imageSlowLoad,2026-09-15T06:45:15.247102+00:00,2026-09-15T06:45:55.247490+00:00,12.67968,22.7159634,23.608077480000002,0.0,0.07499927250705668,0.0035761420239260933,0.0035761420239260933,21.591856956481934,66.0143051147461,1.7249,3360.9797799999883,5595.353628,0.0,0.7249929675682145,0.0,0.0,0.0,0.0,0.0,0.0,0.0,0.0,0.0,0.0,0.0,0.0,0.0,1.4982815,1.9683726499999998,2.01015853,0.0,0.04999951500470445,0.0,0.0,0.0,0.0,0.0,0.0,0.0,0.0,0.0,0.0,0.0,0.0,0.0,9.8912305,882.8561242999984,14998.44228867,0.0,1.9999806001881781,0.0,0.0,3.903727017916166,34.28124237060547,14.611,10065.684,31322.942,0.0297029702970297,2.524975507737575,0.0,0.0,0.0,0.0,0.0,0.0,0.0,0.0,0.49999515004704453,0.0,0.0,0.0,0.0,0.0,0.0,0.0,0.0,0.0,0.05575,0.108625,47.41796875,47.41796875,10.833649,898.0182786999989,1015.1904413200001,0.0,1.1749886026105547,0.0,0.0,0.0,0.0,0.0,0.0,0.0,0.0,0.0,0.0,0.0,0.0,0.0,60.931056,380.5286603999999,418.4990968799999,0.0,0.0999990300094089,0.001875,0.001875,49.87109375,49.87109375,0.0,0.0,0.0,0.0,0.0,0.0,0.0,0.0,0.0,0.2571415,0.88247475,1.3717949499999997,0.0,0.8999912700846802,0.0,0.0,0.0,0.0,0.0,0.0,0.0,0.0,0.0,0.0,0.0,0.0,0.0,0.0,0.0,0.0,0.0,0.0,0.004441610880884072,0.004441610880884072,45.15811538696289,197.09146118164062,0.0,0.0,0.0,0.0,0.0,13.099275500000001,0.0,62.62890625,62.62890625,0.0,0.0,0.0,0.0,0.0,0.00270080598855879,0.00270080598855879,17.894502639770508,67.49217224121094
imageSlowLoad,2026-09-15T06:46:22.782847+00:00,2026-09-15T06:47:02.782996+00:00,9.7267675,20.247419649999998,20.89535593,0.0,0.09999962750138755,0.0033227544782636477,0.0033227544782636477,21.834874153137207,66.0143051147461,1.6059,3.92344,4.744597999999999,0.0,0.5499979512576315,0.0,0.0,0.0,0.0,0.0,0.0,0.0,0.0,0.0,0.0,0.0,0.0,0.0,2.1305105,4.2833527999999985,4.4675705599999995,0.0,0.09999962750138755,0.0,0.0,0.0,0.0,0.0,0.0,0.0,0.0,0.0,0.0,0.0,0.0,0.0,17.6771075,420.6931043500008,15001.729063879999,0.0,1.799993295024976,0.0,0.0,3.849018390362079,33.73442077636719,26.3505,10005.91925,17759.557850000103,0.023255813953488372,2.1499919912798324,0.0,0.0,0.0,0.0,0.0,0.0,0.0,0.0,0.4999981375069378,0.0,0.0,0.0,0.0,0.0,0.0,0.0,0.0,0.0,0.0586875,0.117375,47.79296875,47.79296875,33.349955,2661.573642,2816.36662296,0.0,0.9249965543878349,0.0,0.0,0.0,0.0,0.0,0.0,0.0,0.0,0.0,0.0,0.0,0.0,0.0,111.588704,413.16863929999994,439.97574466,0.0,0.07499972062604067,0.001875,0.001875,49.8828125,49.8828125,0.0,0.0,0.0,0.0,0.0,0.0,0.0,0.0,0.0,0.242704,0.4927330999999998,0.56085189,0.0,0.9999962750138756,0.0,0.0,0.0,0.0,0.0,0.0,0.0,0.0,0.0,0.0,0.0,0.0,0.0,0.0,0.0,0.0,0.0,0.0,0.0044753217969482565,0.0044753217969482565,46.30618667602539,197.09146118164062,0.0,0.0,0.0,0.0,0.0,0.0,0.0,0.0,0.0,0.0,0.0,0.0,0.0,0.0,0.0028132392745252657,0.0028132392745252657,18.664433479309082,67.52161407470703
imageSlowLoad,2026-09-15T06:47:30.517987+00:00,2026-09-15T06:48:10.518158+00:00,6.172563,6.172563,6.172563,0.0,0.024999893125456887,0.003157284305934406,0.003157284305934406,22.122623443603516,66.0143051147461,1.27645,10.170339999999996,13.376638000000003,0.0,0.7499967937637066,0.0,0.0,0.0,0.0,0.0,0.0,0.0,0.0,0.0,0.0,0.0,0.0,0.0,1.801962,6.258419,6.434895,0.0,0.27499882438002576,0.0,0.0,0.0,0.0,0.0,0.0,0.0,0.0,0.0,0.0,0.0,0.0,0.0,10.72017,60.862278799999864,14997.22698856,0.0,2.674988564423887,0.0,0.0,0.0,0.0,15.048,2240.662,15000.05048,0.024,3.1249866406821107,0.0,0.0,0.0,0.0,0.0,0.0,0.0,0.0,0.22499903812911198,0.0,0.0,0.0,0.0,0.0,0.0,0.0,0.0,0.0,0.02925,0.0585,47.29296875,47.29296875,3.984953,40.979336399999966,69.24519770000003,0.0,1.374994121900129,0.0,0.0,0.0,0.0,0.0,0.0,0.0,0.0,0.0,0.0,0.0,0.0,0.0,8.870803,27.626673999999984,33.08435559999999,0.0,0.1749992518781982,0.002,0.002,49.83984375,49.83984375,0.0,0.0,0.0,0.0,0.0,0.0,0.0,0.0,0.0,0.2347185,0.8651624999999998,2.603173399999991,0.0,1.0499955112691892,0.0,0.0,0.0,0.0,0.0,0.0,0.0,0.0,0.0,0.0,0.0,0.0,0.0,0.0,0.0,0.0,0.0,0.0,0.004449316481815837,0.004449316481815837,47.4625825881958,197.09146118164062,0.0,0.0,0.0,0.0,0.0,0.0,0.0,0.0,0.0,0.0,0.0,0.0,0.0,0.0,0.002748432534570128,0.002748432534570128,16.30837631225586,67.53468322753906
imageSlowLoad,2026-09-15T06:48:38.162246+00:00,2026-09-15T06:49:18.162617+00:00,108.388363,110.105725,110.25837940000001,0.0,0.07499930438145186,0.0,0.0,0.0,0.0,1.593,8.377369999999996,9.538514,0.0,0.47499559441586175,17.15101,0.0,60.86328125,60.86328125,0.0,0.0,0.0,0.0,0.0,0.0,0.0,0.0,0.0,25.457667,25.457667,25.457667,0.0,0.02499976812715062,0.0,0.0,0.0,0.0,0.0,0.0,0.0,0.0,0.0,0.0,0.0,0.0,0.0,11.9988365,123.08548694999998,5227.121182420033,0.0,1.7499837689005433,0.0,0.0,0.0,0.0,13.9635,10035.2793,17797.354330000027,0.011904761904761904,2.099980522680652,0.0,0.0,0.0,0.0,0.0,0.05000000000000071,0.8099999999999987,0.0,0.4999953625430124,0.0,0.0,0.0,0.0,0.0,0.0,0.0,0.0,0.0,0.0,0.0,47.29296875,47.29296875,3.127865,192.2353716999988,695.626605079999,0.0,0.8749918844502717,0.0,0.0,7.553836822509766,13.732673645019531,0.0,0.0,0.0,0.0,0.0,0.0,0.0,0.0,0.0,6.197066,6.634853,6.6737674,0.0,0.07499930438145186,0.002,0.002,49.8125,49.8125,0.0,0.0,0.0,0.0,0.0,0.0,0.0,0.0,0.0,0.2106265,0.5440248499999991,2.909863530000003,0.0,1.2999879426118321,0.0,0.0,0.0,0.0,0.0,0.0,0.0,0.0,0.0,0.0,0.0,0.0,0.0,0.0,0.0,0.0,0.0,0.0,0.0,0.0,0.0,0.0,0.0,0.0,0.0,0.0,0.0,0.0,0.0,0.0,0.0,0.0,0.0,0.0,0.0,0.0,0.0,0.0,0.0,0.0
intlShippingSlowdown,2026-09-15T06:49:45.415744+00:00,2026-09-15T06:50:25.416059+00:00,13.93888,40.203339,41.701639,0.0,0.14999881875930227,0.0,0.0,0.0,0.0,1.90345,8.936195000000005,15.40067899999999,0.0,0.49999606253100753,17.2511095,0.0,60.1796875,60.1796875,0.0,0.0,0.0,0.0,0.0,0.0,0.0,0.0,0.0,1.6486075,3.5616812499999972,4.537913050000001,0.0,0.24999803126550377,0.0,0.0,0.0,0.0,0.0,0.0,0.0,0.0,0.0,0.0,0.0,0.0,0.0,10.922075,904.939866,2113.4409464000064,0.024844720496894408,4.024968303374611,0.0,0.0,3.7742444551908054,32.42285919189453,10.3335,986.9126499999976,5049.742689999995,0.023809523809523808,5.249958656575579,0.0,0.0,0.0,0.0,0.0,0.0,4.0,0.0,1.2749899594540692,0.0,0.0,0.0,0.0,0.0,0.0,0.0,0.0,0.0,0.0,0.0,0.0,0.0,189.558418,853.9754654000003,1222.7344266399978,0.0,1.924984840744379,0.0,0.0,7.393680572509766,13.381111145019531,0.713769,0.7443852,0.74710664,0.0,0.04999960625310076,0.0,0.0,0.0,0.0,239.579306,956.2451203999982,1575.3331824799989,0.0,0.3249974406451549,0.0,0.0,0.0,0.0,4.302216,4.3875747,4.39516214,0.0,0.04999960625310076,0.0,0.0,0.0,0.0,0.241112,1.2788954499999998,1.9197801099999998,0.0,1.449988581339922,0.0,0.0,0.0,0.0,0.0,0.0,0.0,0.0,0.0,0.0,0.0,0.0,0.0,0.0,0.0,0.0,0.0,0.0,0.0,0.0,0.0,0.0,0.0,0.0,0.0,0.0,0.0,13.5978125,0.0,61.82421875,61.82421875,0.0,0.0,0.0,0.0,0.0,0.0,0.0,0.0,0.0
intlShippingSlowdown,2026-09-15T06:50:53.190608+00:00,2026-09-15T06:51:33.190946+00:00,37.243989,74.1921345,77.4764141,0.0,0.07499936625535514,0.0030961074456045947,0.0030961074456045947,23.257363319396973,66.0143051147461,1.2028,10.755914999999986,13.241577,0.0,0.5999949300428411,17.405617,0.0,61.359375,61.359375,0.0,0.0,0.0,0.0,0.0,0.0,0.0,0.0,0.0,2.906803,11.875342599999998,13.774387719999998,0.0,0.1999983100142804,0.0,0.0,0.0,0.0,0.0,0.0,0.0,0.0,0.0,0.0,0.0,0.0,0.0,12.2202365,126.28838904999957,1127.5250057500011,0.03333333333333333,2.999974650214206,0.0,0.0,4.067042424128606,36.677040100097656,11.271,170.31229999999732,7310.916580000013,0.03225806451612903,3.8749672565266824,0.0,0.0,0.0,0.0,0.0,0.0,1.8599999999999923,0.0,0.9749917613196168,0.0,0.0,0.0,0.0,0.0,0.0,0.0,0.0,0.0,0.0,0.0,0.0,0.0,10.902895,232.3777334,703.1932433999996,0.0,1.6249862688660281,0.0,0.0,7.256961822509766,12.982673645019531,0.661981,0.661981,0.661981,0.0,0.02499978875178505,0.0,0.0,0.0,0.0,10.592599,132.8163012,144.73450824,0.0,0.22499809876606544,0.0,0.0,0.0,0.0,4.568767,4.568767,4.568767,0.0,0.02499978875178505,0.0,0.0,0.0,0.0,0.2484335,0.8758614999999996,2.3676116799999942,0.0,1.049991127574972,0.0,0.0,0.0,0.0,0.0,0.0,0.0,0.0,0.0,0.0,0.0,0.0,0.0,0.0,0.0,0.0,0.0,0.0,0.0032624688146363308,0.0032624688146363308,40.29949188232422,203.2591323852539,0.0,0.0,0.0,0.0,0.0,13.688414000000002,0.0,61.89453125,61.89453125,0.0,0.0,0.0,0.0,0.0,0.0,0.0,0.0,0.0
intlShippingSlowdown,2026-09-15T06:52:00.877460+00:00,2026-09-15T06:52:40.877657+00:00,16.785889,118.79289319999995,156.35251783999996,0.0,0.2249988918804575,0.004180530671444416,0.004180530671444416,23.562644958496094,66.0143051147461,2.2068,46.176464999999986,98.08069699999994,0.0,0.5499972912633405,17.558203,0.0,62.578125,62.578125,0.0,0.0,0.0,0.0,0.0,0.0,0.0,0.0,0.0,2.086667,3.9114395999999996,4.20838152,0.0,0.12499938437803194,0.0,0.0,0.0,0.0,0.0,0.0,0.0,0.0,0.0,0.0,0.0,0.0,0.0,12.224227,102.19362999999987,186.95578344000006,0.041379310344827586,3.6249821469629264,0.0,0.0,3.825105520395132,33.400535583496094,10.222,100.05839999999993,6350.670919999994,0.03553299492385787,4.924975744494458,0.0,0.0,0.0,0.0,0.0,0.0,0.45000000000000284,0.0,1.3999931050339578,0.0,0.0,0.0,0.0,0.0,0.0,0.0,0.0,0.0,0.028125,0.05625,47.66796875,47.66796875,7.5458475,69.06825790000002,136.48847091,0.0,2.0499899037997236,0.0,0.0,7.374149322509766,13.279548645019531,0.547018,0.6566443000000001,0.66638886,0.0,0.049999753751212773,0.0,0.0,0.0,0.0,8.341905,44.6707235,62.59133670000002,0.0,0.27499864563167026,0.0,0.0,0.0,0.0,3.5806975,3.63035635,3.6347704700000003,0.0,0.049999753751212773,0.0,0.0,0.0,0.0,0.2676425,5.7085460499999945,8.255404579999997,0.0,1.349993351282745,0.0,0.0,0.0,0.0,0.0,0.0,0.0,0.0,0.0,0.0,0.0,0.0,0.0,0.0,0.0,0.0,0.0,0.0,0.0034381139489194495,0.0034381139489194495,39.24104595184326,203.2591323852539,0.0,0.0,0.0,0.0,0.0,13.8047415,0.0,61.77734375,61.77734375,0.0,0.0,0.0,0.0,0.0,0.002823227462303497,0.002823227462303497,17.624672889709473,67.60719299316406
intlShippingSlowdown,2026-09-15T06:53:08.150992+00:00,2026-09-15T06:53:48.151205+00:00,39.936216,86.50952379999998,92.23180395999998,0.0,0.09999946750283555,0.0038663412316132795,0.0038663412316132795,23.81995391845703,66.0143051147461,1.5654,4.803,54.610840000000046,0.0,0.5249972043898866,17.7457745,0.0,64.04296875,64.04296875,0.0,0.0,0.0,0.0,0.0,0.0,0.0,0.0,0.0,1.375701,2.733716,2.9244856,0.0,0.22499880188137997,0.0,0.0,0.0,0.0,0.0,0.0,0.0,0.0,0.0,0.0,0.0,0.0,0.0,9.9202745,75.4049275,8329.56351150017,0.0136986301369863,3.6499805638534975,0.0,0.0,3.7714374248798075,32.34593200683594,10.118,79.68654999999994,9177.864700000007,0.020202020202020204,4.9499736413903594,0.0,0.0,0.0,0.0,0.0,0.0,1.0,0.0,1.3499928112882797,0.0,0.0,0.0,0.0,0.0,0.0,0.0,0.0,0.0,0.0,0.0,43.15625,43.15625,8.332815,50.075267199999956,64.48498569999995,0.0,2.0749889506838377,0.0,0.0,7.311649322509766,13.185798645019531,0.456301,0.456301,0.456301,0.0,0.024999866875708886,0.0,0.0,0.0,0.0,14.840715,240220.65207779914,528445.7774979594,0.07692307692307693,0.3249982693842155,0.002375,0.002375,49.546875,49.546875,4.346478,4.346478,4.346478,0.0,0.024999866875708886,0.0,0.0,0.0,0.0,0.2378245,2.306882899999998,3.6204339100000036,0.0,1.299993077536862,0.0,0.0,0.0,0.0,0.0,0.0,0.0,0.0,0.0,0.0,0.0,0.0,0.0,0.0,0.0,0.0,0.0,0.0,0.005337886024247401,0.005337886024247401,38.53881359100342,203.52625274658203,0.0,0.0,0.0,0.0,0.0,13.9341275,0.0,61.78125,61.78125,0.0,0.0,0.0,0.0,0.0,0.0031930271191560056,0.0031930271191560056,18.513853073120117,67.61455535888672
intlShippingSlowdown,2026-09-15T06:54:15.888330+00:00,2026-09-15T06:54:55.888793+00:00,16.712823,35.06616189999999,36.91780677999999,0.0,0.0999988425133979,0.005296795657503064,0.005296795657503064,24.10960578918457,66.0143051147461,3.1264,27.767724999999988,32.37234499999999,0.0,0.4499947913102905,0.0,0.0,0.0,0.0,0.0,0.0,0.0,0.0,0.0,0.0,0.0,0.0,0.0,2.26902,5.4688405,6.1592561,0.0,0.27499681691184424,0.0,0.0,0.0,0.0,0.0,0.0,0.0,0.0,0.0,0.0,0.0,0.0,0.0,13.057983,576.64998775,13302.295370299937,0.034482758620689655,2.8999664328885393,0.0,0.0,3.8666581373948317,34.05975341796875,11.8345,681.7828499999943,11288.611659999931,0.04,3.749956594252421,0.0,0.0,0.0,0.0,0.0,0.0,0.6300000000000026,0.0,0.94998900387728,0.0,0.0,0.0,0.0,0.0,0.0,0.0,0.0,0.0,0.0493125,0.064125,50.23046875,50.23046875,17.126669,613.6384475999984,1512.201554920001,0.0,1.8249788758695116,0.0,0.0,0.0,0.0,0.609222,0.609222,0.609222,0.0,0.024999710628349475,0.0,0.0,0.0,0.0,14.91945,253.5508145,409.24260690000017,0.0,0.27499681691184424,0.0022500000000000003,0.0022500000000000003,49.52734375,49.52734375,39.199585,39.199585,39.199585,0.0,0.024999710628349475,0.0,0.0,0.0,0.0,0.2321985,2.445096500000001,5.479196740000001,0.0,1.099987267647377,0.0,0.0,0.0,0.0,0.0,0.0,0.0,0.0,0.0,0.0,0.0,0.0,0.0,0.0,0.0,0.0,0.0,0.0,0.00394045534150613,0.00394045534150613,39.69742393493652,203.52625274658203,0.0,0.0,0.0,0.0,0.0,14.0775945,0.0,61.546875,61.546875,0.0,0.0,0.0,0.0,0.0,0.0030879744201835263,0.0030879744201835263,19.276734352111816,67.63471984863281
productCatalogFailure,2026-09-15T07:14:14.141168+00:00,2026-09-15T07:14:39.141622+00:00,10.440135,51.16245629999998,58.77761525999998,0.0,0.2799949152923383,0.00714858219786409,0.00714858219786409,24.872495651245117,66.0143051147461,1.9681,18.398,69.45624000000005,0.0,0.8399847458770149,28.9002495,0.0,59.84765625,59.84765625,0.0,0.0,0.0,0.0,0.0,0.0,0.0,0.0,0.0,2.3527395,2.8185537999999997,2.87652196,0.0,0.15999709445276472,0.0,0.0,0.0,0.0,0.0,0.0,0.0,0.0,0.0,0.0,0.0,0.0,0.0,8.906495,80.333937,14263.319283050041,0.03773584905660377,4.239923002998266,0.0,0.0,4.103607177734375,35.942291259765625,7.7675,90.68819999999997,9140.645569999966,0.0375,6.399883778110589,0.0,0.0,0.0,0.0,0.0,0.0,25.400000000000148,0.0,2.239959322338706,0.0,0.0,0.0,0.0,0.0,0.0,0.0,0.0,0.0,0.0233125,0.046625,49.4765625,49.4765625,5.290371,34.769384699999996,37.183981159999995,0.0,1.8799658598199855,0.0,0.0,0.0,0.0,28.5471255,53.61354255,55.84166851,0.0,0.07999854722638236,0.0,0.0,0.0,0.0,9.149384,11.55348275,11.97474455,0.0,0.23999564167914708,0.0,0.0,0.0,0.0,85.8769915,157.18050085,163.51859057,0.0,0.07999854722638236,0.0,0.0,0.0,0.0,0.209439,2.711128499999996,4.4557674400000025,0.0,0.9199832931033972,0.0,0.0,0.0,0.0,0.0,0.0,0.0,0.0,0.0,0.0,0.0,0.0,0.0,0.0,0.0,0.0,0.0,0.0,0.0041103677467313835,0.0041103677467313835,39.96288204193115,213.19676208496094,0.0,0.0,0.0,0.0,0.0,21.963938499999998,0.0,63.2734375,63.2734375,0.0,0.0,0.0,0.0,0.0,0.004000787040073457,0.004000787040073457,17.48123264312744,67.82477569580078
productCatalogFailure,2026-09-15T07:15:07.520709+00:00,2026-09-15T07:15:32.521263+00:00,27.1709755,55.74791879999999,59.730755759999994,0.0,0.15999645447856875,0.004562820652767165,0.004562820652767165,25.178482055664062,66.0143051147461,1.4798,5.1117,5.973460000000001,0.0,0.43999024981606405,29.424639,0.0,62.03515625,62.03515625,0.0,0.0,0.0,0.0,0.0,0.0,0.0,0.0,0.0,1.465669,1.9647082,2.00906724,0.0,0.11999734085892656,0.0,0.0,0.0,0.0,0.0,0.0,0.0,0.0,0.0,0.0,0.0,0.0,0.0,8.6808155,52.31678599999992,157.96208324999995,0.0392156862745098,4.079909589203503,0.0,0.0,3.86033689058744,32.5482177734375,8.6445,61.95225,1630.4154000000124,0.029411764705882353,5.439879452271337,0.0,0.0,0.0,0.0,0.0,0.0,0.6599999999999966,0.0,1.3999689766874766,0.0,0.0,0.0,0.0,0.0,0.0,0.0,0.0,0.0,0.0,0.0,0.0,0.0,2.499321,19.962585149999992,71.68099229999986,0.0,1.9999556809821093,0.0,0.0,7.549930572509766,13.631111145019531,0.966957,0.966957,0.966957,0.0,0.03999911361964219,0.0,0.0,0.0,0.0,5.384821,22.545424849999993,26.156520169999993,0.0,0.3199929089571375,0.0,0.0,0.0,0.0,6.465016,6.465016,6.465016,0.0,0.03999911361964219,0.0,0.0,0.0,0.0,0.221572,1.1698558499999996,2.0646290299999994,0.0,0.9599787268714125,0.0,0.0,0.0,0.0,0.0,0.0,0.0,0.0,0.0,0.0,0.0,0.0,0.0,0.0,0.0,0.0,0.0,0.0,0.0,0.0,0.0,0.0,0.0,0.0,0.0,0.0,0.0,22.4113895,0.0,63.203125,63.203125,0.0,0.0,0.0,0.0,0.0,0.0,0.0,0.0,0.0
productCatalogFailure,2026-09-15T07:15:50.883748+00:00,2026-09-15T07:16:15.884200+00:00,17.669744,34.716026799999995,35.64384776,0.0,0.1999963840653761,0.0,0.0,0.0,0.0,1.2396,6.2653349999999985,9.224186999999997,0.0,0.5599898753830531,29.794707,0.0,63.0546875,63.0546875,0.0,0.0,0.0,0.0,0.0,0.0,0.0,0.0,0.0,2.600184,5.496896099999999,5.886608819999999,0.0,0.27999493769152656,0.0,0.0,0.0,0.0,0.0,0.0,0.0,0.0,0.0,0.0,0.0,0.0,0.0,9.746177,67.75063479999987,116.46953161999997,0.018691588785046728,4.2799226189990485,0.0,0.0,0.0,0.0,9.523,94.81610000000005,1689.104280000034,0.013986013986013986,5.7198965842697564,0.0,0.0,0.0,0.0,0.0,0.0,0.0,0.0,1.4799732420837832,0.0,0.0,0.0,0.0,0.0,0.0,0.0,0.0,0.0,0.0,0.0,0.0,0.0,8.213731,61.56036584999996,84.57329360999996,0.0,2.159960947906062,0.0,0.0,7.542118072509766,13.552986145019531,3.413184,5.8734636,6.09215512,0.0,0.07999855362615044,0.0,0.0,0.0,0.0,7.490429,14.551891299999998,16.68118546,0.0,0.31999421450460175,0.0,0.0,0.0,0.0,25.689496,25.689496,25.689496,0.0,0.03999927681307522,0.0,0.0,0.0,0.0,0.274887,0.5511109999999981,0.96698604,0.0,1.4799732420837832,0.0,0.0,0.0,0.0,0.0,0.0,0.0,0.0,0.0,0.0,0.0,0.0,0.0,0.0,0.0,0.0,0.0,0.0,0.0,0.0,0.0,0.0,0.0,0.0,0.0,0.0,0.0,0.0,0.0,0.0,0.0,0.0,0.0,0.0,0.0,0.0,0.0,0.0,0.0,0.0
productCatalogFailure,2026-09-15T07:16:33.659154+00:00,2026-09-15T07:16:58.659257+00:00,12.581234,12.581234,12.581234,0.0,0.03999983520067897,0.0,0.0,0.0,0.0,2.1774,25.0054,28.667240000000003,0.0,0.8399965392142584,0.0,0.0,0.0,0.0,0.0,0.0,0.0,0.0,0.0,0.0,0.0,0.0,0.0,4.790513,15.817867999999992,18.683067199999996,0.0,0.2799988464047528,0.0,0.0,0.0,0.0,0.0,0.0,0.0,0.0,0.0,0.0,0.0,0.0,0.0,11.3330465,155.6818595,15003.17174125,0.0,5.039979235285551,0.0,0.0,0.0,0.0,13.209,220.91479999999973,15007.8918,0.020134228187919462,5.9599754449011675,0.0,0.0,0.0,0.0,0.0,0.0,0.0,0.0,0.8799963744149374,0.0,0.0,0.0,0.0,0.0,0.0,0.0,0.0,0.0,0.027562499999999997,0.036125,48.6015625,48.6015625,4.242117,58.58908524999998,73.24804107,0.0,2.3199904416393804,0.0,0.0,0.0,0.0,0.0,0.0,0.0,0.0,0.0,0.0,0.0,0.0,0.0,9.641929,40.22523699999999,45.280989,0.0,0.3599985168061108,0.0022500000000000003,0.0022500000000000003,49.265625,49.265625,0.0,0.0,0.0,0.0,0.0,0.0,0.0,0.0,0.0,0.232225,0.5191643999999997,0.5322144799999999,0.0,0.9999958800169744,0.0,0.0,0.0,0.0,0.0,0.0,0.0,0.0,0.0,0.0,0.0,0.0,0.0,0.0,0.0,0.0,0.0,0.0,0.0,0.0,0.0,0.0,0.0,0.0,0.0,0.0,0.0,0.0,0.0,0.0,0.0,0.0,0.0,0.0,0.0,0.0,0.0030814003252589233,0.0030814003252589233,16.494067192077637,67.84494018554688
productCatalogFailure,2026-09-15T07:17:16.683065+00:00,2026-09-15T07:17:41.683607+00:00,21.262175,23.327621899999997,23.51121718,0.0,0.07999826563760098,0.003665098936485742,0.003665098936485742,20.120347023010254,66.0143051147461,0.9526,6.44914,6.682548,0.0,0.5999869922820074,0.0,0.0,0.0,0.0,0.0,0.0,0.0,0.0,0.0,0.0,0.0,0.0,0.0,1.929427,9.167514699999993,11.194065339999996,0.0,0.2799939297316034,0.0,0.0,0.0,0.0,0.0,0.0,0.0,0.0,0.0,0.0,0.0,0.0,0.0,8.331878,46.527609199999986,15000.28813683,0.02,3.999913281880049,0.0,0.0,4.074165344238281,35.41679382324219,7.929,50.554399999999994,11478.913920000075,0.03007518796992481,5.319884664900465,0.0,0.0,0.0,0.0,0.0,0.0,0.0,0.0,1.3599705158392166,0.0,0.0,0.0,0.0,0.0,0.0,0.0,0.0,0.0,0.0,0.0,48.7265625,48.7265625,4.027341,25.8758648,30.895918079999994,0.0,1.719962711208421,0.0,0.0,0.0,0.0,0.476619,0.476619,0.476619,0.0,0.03999913281880049,0.0,0.0,0.0,0.0,5.14159,6.9893365,7.0868217,0.0,0.23999479691280293,0.0,0.0,0.0,0.0,12.506967,12.506967,12.506967,0.0,0.03999913281880049,0.0,0.0,0.0,0.0,0.238054,6.702925399999994,16.514721679999983,0.0,1.0799765861076132,0.0,0.0,0.0,0.0,0.0,0.0,0.0,0.0,0.0,0.0,0.0,0.0,0.0,0.0,0.0,0.0,0.0,0.0,0.0032208166465365626,0.0032208166465365626,40.18504810333252,216.5736846923828,0.0,0.0,0.0,0.0,0.0,22.655423,0.0,63.03515625,63.03515625,0.0,0.0,0.0,0.0,0.0,0.0027147401908801695,0.0027147401908801695,17.375202178955078,67.8548355102539
emailMemoryLeak,2026-09-15T07:18:09.702234+00:00,2026-09-15T07:18:34.702444+00:00,15.73639,26.542276099999995,29.211537619999994,0.0,0.27999764801975663,0.0032376337400030018,0.0032376337400030018,20.45010280609131,66.0143051147461,1.1929,4.822775,4.945515,0.0,0.7999932800564475,30.091488,0.0,62.796875,62.796875,0.0,0.0,0.0,0.0,0.0,0.0,0.0,0.0,0.0,1.422942,1.9339296000000001,1.97935072,0.0,0.11999899200846713,0.0,0.0,0.0,0.0,0.0,0.0,0.0,0.0,0.0,0.0,0.0,0.0,0.0,7.621083,45.7550105,105.83156325,0.047619047619047616,5.03995766435562,0.0,0.0,3.8308387169471154,32.10847473144531,7.026,54.77404999999994,1209.0292099999704,0.03488372093023256,6.879942208485449,0.0,0.0,0.0,0.0,0.0,0.0,0.0,0.0,1.8799842081326517,0.0,0.0,0.0,0.0,0.0,0.0,0.0,0.0,0.0,0.0,0.0,0.0,0.0,3.809619,40.70700035,96.85637027,0.0,1.7599852161241847,0.0,0.0,7.588993072509766,13.677986145019531,2.465067,2.465067,2.465067,0.0,0.03999966400282238,0.0,0.0,0.0,0.0,8.420045,11.4813726,11.66653132,0.0,0.19999832001411189,0.0,0.0,0.0,0.0,11.199316,11.199316,11.199316,0.0,0.03999966400282238,0.0,0.0,0.0,0.0,0.205332,0.5907741999999997,0.8143137999999996,0.0,1.159990256081849,0.0,0.0,0.0,0.0,0.0,0.0,0.0,0.0,0.0,0.0,0.0,0.0,0.0,0.0,0.0,0.0,0.0,0.0,0.003965617028573879,0.003965617028573879,41.33055400848389,216.5736846923828,0.0,0.0,0.0,0.0,0.0,22.754862,0.0,62.70703125,62.70703125,0.0,0.0,0.0,0.0,0.0,0.0026135389888603255,0.0026135389888603255,18.128604888916016,67.8616714477539
emailMemoryLeak,2026-09-15T07:18:52.872542+00:00,2026-09-15T07:19:17.873001+00:00,9.0216095,74.333109,89.68534340000002,0.0,0.23999559368090004,0.0,0.0,0.0,0.0,1.3804,4.141,5.111640000000001,0.0,0.8399845778831501,30.2249755,0.0,62.1953125,62.1953125,0.0,0.0,0.0,0.0,0.0,0.0,0.0,0.0,0.0,1.737437,5.213848549999997,6.579326509999999,0.0,0.3199941249078667,0.0,0.0,0.0,0.0,0.0,0.0,0.0,0.0,0.0,0.0,0.0,0.0,0.0,8.2610975,63.49418299999991,8936.50021600005,0.014084507042253521,5.679895717114634,0.0,0.0,0.0,0.0,8.523,90.34459999999979,6118.578669999975,0.02197802197802198,7.2798663416539675,0.0,0.0,0.0,0.0,0.0,0.10000000000000142,1.0,0.0,1.5599713589258501,0.0,0.0,0.0,0.0,0.0,0.0,0.0,0.0,0.0,0.0,0.0,0.0,0.0,4.6215525,34.006604799999984,125.62589049999997,0.0,2.319957405582034,0.0,0.0,7.526493072509766,13.584236145019531,3.708157,3.708157,3.708157,0.0,0.03999926561348334,0.0,0.0,0.0,0.0,5.728654,17.2299898,18.194641960000002,0.0,0.35999339052135004,0.0,0.0,0.0,0.0,29.93649,29.93649,29.93649,0.0,0.03999926561348334,0.0,0.0,0.0,0.0,6.190771,52.37519869999999,66.13648422,0.0,1.2799764996314669,0.0,0.0,0.0,0.0,0.0,0.0,0.0,0.0,0.0,0.0,0.0,0.0,0.0,0.0,0.0,0.0,0.0,0.0,0.0,0.0,0.0,0.0,0.0,0.0,0.0,0.0,0.0,0.0,0.0,0.0,0.0,0.0,0.0,0.0,0.0,0.0,0.0,0.0,0.0,0.0
emailMemoryLeak,2026-09-15T07:19:35.524112+00:00,2026-09-15T07:20:00.524348+00:00,8.646888,12.4693873,13.224223059999998,0.0,0.31999697922851605,0.0,0.0,0.0,0.0,1.2037,3.6782,3.85188,0.0,0.5599947136499032,0.0,0.0,0.0,0.0,0.0,0.0,0.0,0.0,0.0,0.0,0.0,0.0,0.0,2.3424965,3.5021193,3.58909026,0.0,0.15999848961425803,0.0,0.0,0.0,0.0,0.0,0.0,0.0,0.0,0.0,0.0,0.0,0.0,0.0,8.572742,50.094487699999874,77.8808050199999,0.031496062992125984,5.079952045252693,0.0,0.0,0.0,0.0,8.482,56.48685,1285.0074899999504,0.02247191011235955,7.1199327878344825,0.0,0.0,0.0,0.0,0.0,0.0,1.0,0.0,2.0399807425817897,0.0,0.0,0.0,0.0,0.0,0.0,0.0,0.0,0.0,0.031375,0.041125,48.8515625,48.8515625,4.136598,27.071549,46.39640259999995,0.0,2.439976966617435,0.0,0.0,0.0,0.0,12.5285435,23.33220425,24.29252965,0.0,0.07999924480712901,0.0,0.0,0.0,0.0,5.4843045,11.480527849999998,12.250871969999999,0.0,0.31999697922851605,0.0022500000000000003,0.0022500000000000003,49.2421875,49.2421875,18.1319805,28.91821995,29.87699679,0.0,0.07999924480712901,0.0,0.0,0.0,0.0,0.262752,14.029257,20.236980349999993,0.0,1.4399864065283223,0.0,0.0,0.0,0.0,0.0,0.0,0.0,0.0,0.0,0.0,0.0,0.0,0.0,0.0,0.0,0.0,0.0,0.0,0.0,0.0,0.0,0.0,0.0,0.0,0.0,0.0,0.0,0.0,0.0,0.0,0.0,0.0,0.0,0.0,0.0,0.0,0.0,0.0,0.0,0.0
emailMemoryLeak,2026-09-15T07:20:18.600149+00:00,2026-09-15T07:20:43.600418+00:00,27.328234,29.240752899999997,29.41075458,0.0,0.11999870881389317,0.0030418412711918485,0.0030418412711918485,21.104681968688965,66.0143051147461,1.5302,15.623989999999983,59.95209200000006,0.0,0.9199901009065142,0.0,0.0,0.0,0.0,0.0,0.0,0.0,0.0,0.0,0.0,0.0,0.0,0.0,4.022394,5.761293,5.9158618,0.0,0.11999870881389317,0.0,0.0,0.0,0.0,0.0,0.0,0.0,0.0,0.0,0.0,0.0,0.0,0.0,11.5261965,64.3093055,12767.337334399916,0.017241379310344827,4.639950074137202,0.0,0.0,3.755395742563101,31.646202087402344,11.656,69.48879999999998,9717.361080000113,0.026845637583892617,5.959935871090027,0.0,0.0,0.0,0.0,0.0,0.0,0.6700000000000017,0.0,1.359985366557456,0.0,0.0,0.0,0.0,0.0,0.0,0.0,0.0,0.0,0.0,0.0,49.1015625,49.1015625,4.685691,36.77216239999997,44.106780599999944,0.0,2.759970302719543,0.0,0.0,0.0,0.0,0.0,0.0,0.0,0.0,0.0,0.0,0.0,0.0,0.0,5.1671305,22.47479414999998,29.11499883,0.0,0.3999956960463106,0.0,0.0,0.0,0.0,11.253284,11.253284,11.253284,0.0,0.03999956960463105,0.0,0.0,0.0,0.0,0.243597,11.9234105,15.717539099999993,0.0,1.439984505766718,0.0,0.0,0.0,0.0,0.0,0.0,0.0,0.0,0.0,0.0,0.0,0.0,0.0,0.0,0.0,0.0,0.0,0.0,0.003319360810264485,0.003319360810264485,41.72759437561035,218.2499542236328,0.0,0.0,0.0,0.0,0.0,0.0,0.0,0.0,0.0,0.0,0.0,0.0,0.0,0.0,0.003850736107565314,0.003850736107565314,16.385536193847656,67.87155151367188
emailMemoryLeak,2026-09-15T07:21:01.214002+00:00,2026-09-15T07:21:26.214191+00:00,20.080157,41.690563700000006,43.61148873999999,0.0,0.11999909280685839,0.0,0.0,0.0,0.0,1.1563,9.3125,29.821780000000018,0.0,0.8399936496480087,30.532196499999998,0.0,61.40625,61.40625,0.0,0.0,0.0,0.0,0.0,0.0,0.0,0.0,0.0,2.361364,4.0448508,4.13697336,0.0,0.2799978832160029,0.0,0.0,0.0,0.0,0.0,0.0,0.0,0.0,0.0,0.0,0.0,0.0,0.0,7.61335,50.040961299999985,90.68989193999998,0.017391304347826087,4.599965224262905,0.0,0.0,3.8483516986553488,32.779701232910156,7.568,54.57419999999991,3447.8076199999878,0.02040816326530612,5.879955547536061,0.0,0.0,0.0,0.0,0.0,0.0,0.0,0.0,1.3199900208754423,0.0,0.0,0.0,0.0,0.0,0.0,0.0,0.0,0.0,0.0,0.0,0.0,0.0,2.5100765,28.22570844999999,34.27721849999999,0.0,2.3999818561371677,0.0,0.0,7.393680572509766,13.318611145019531,0.543166,0.543166,0.543166,0.0,0.03999969760228613,0.0,0.0,0.0,0.0,6.631296,20.12739525,20.33539745,0.0,0.31999758081828905,0.0,0.0,0.0,0.0,8.020457,8.020457,8.020457,0.0,0.03999969760228613,0.0,0.0,0.0,0.0,0.233777,18.941023,21.3169134,0.0,1.6399876016937314,0.0,0.0,0.0,0.0,0.0,0.0,0.0,0.0,0.0,0.0,0.0,0.0,0.0,0.0,0.0,0.0,0.0,0.0,0.0,0.0,0.0,0.0,0.0,0.0,0.0,0.0,0.0,23.0355575,0.0,62.125,62.125,0.0,0.0,0.0,0.0,0.0,0.0,0.0,0.0,0.0
